Date/Time,Low Pressure [psi],Vapor Saturation Temp [°F],Suction Line Temperature [°F],Superheat [°F],670 [°F],
12/29/25 6:22:11 PM,0.0,-49.9,71.4,121.3,-,
12/29/25 6:22:12 PM,0.0,-49.9,71.4,121.3,-,
12/29/25 6:22:13 PM,0.0,-49.9,71.4,121.3,-,
12/29/25 6:22:14 PM,0.0,-49.9,71.4,121.3,-,
12/29/25 6:22:15 PM,0.0,-49.9,71.4,121.3,-,
12/29/25 6:22:16 PM,0.0,-49.9,71.4,121.3,-,
12/29/25 6:22:17 PM,0.0,-49.9,71.4,121.3,-,
12/29/25 6:22:18 PM,0.0,-49.9,71.4,121.3,-,
12/29/25 6:22:19 PM,0.0,-49.9,71.4,121.3,-,
12/29/25 6:22:20 PM,0.0,-49.9,71.4,121.3,-,
12/29/25 6:22:21 PM,0.0,-49.9,71.4,121.3,-,
12/29/25 6:22:22 PM,0.0,-49.9,71.4,121.3,-,
12/29/25 6:22:23 PM,0.0,-49.9,71.5,121.4,-,
12/29/25 6:22:24 PM,0.0,-49.9,71.5,121.4,-,
12/29/25 6:22:25 PM,0.0,-49.9,71.5,121.4,-,
12/29/25 6:22:26 PM,0.0,-49.9,71.5,121.4,-,
12/29/25 6:22:27 PM,0.0,-49.9,71.5,121.4,-,
12/29/25 6:22:28 PM,0.0,-49.9,71.5,121.4,-,
12/29/25 6:22:29 PM,0.0,-49.9,71.5,121.4,-,
12/29/25 6:22:30 PM,0.0,-49.9,71.5,121.4,-,
12/29/25 6:22:31 PM,0.0,-49.9,71.5,121.4,-,
12/29/25 6:22:32 PM,0.0,-49.9,71.5,121.4,-,
12/29/25 6:22:33 PM,0.0,-49.9,71.5,121.4,-,
12/29/25 6:22:34 PM,0.0,-49.9,71.5,121.4,-,
12/29/25 6:22:35 PM,0.0,-49.9,71.5,121.4,-,
12/29/25 6:22:36 PM,0.0,-49.9,71.5,121.4,-,
12/29/25 6:22:37 PM,0.0,-49.9,71.5,121.4,-,
12/29/25 6:22:38 PM,0.0,-49.9,71.5,121.4,-,
12/29/25 6:22:39 PM,105.5,50.9,71.5,20.6,-,
12/29/25 6:22:40 PM,106.4,51.4,71.5,20.1,-,
12/29/25 6:22:41 PM,106.5,51.4,71.6,20.2,-,
12/29/25 6:22:42 PM,106.5,51.4,71.5,20.1,-,
12/29/25 6:22:43 PM,106.5,51.4,71.6,20.2,-,
12/29/25 6:22:44 PM,106.6,51.5,71.6,20.1,-,
12/29/25 6:22:45 PM,106.6,51.5,71.6,20.1,-,
12/29/25 6:22:46 PM,106.5,51.4,71.6,20.2,-,
12/29/25 6:22:47 PM,106.6,51.4,71.6,20.2,-,
12/29/25 6:22:48 PM,106.6,51.5,71.6,20.1,-,
12/29/25 6:22:49 PM,106.5,51.4,71.6,20.2,-,
12/29/25 6:22:50 PM,106.5,51.4,71.6,20.2,-,
12/29/25 6:22:51 PM,106.6,51.4,71.6,20.2,-,
12/29/25 6:22:52 PM,106.6,51.5,71.6,20.1,-,
12/29/25 6:22:53 PM,106.6,51.5,71.6,20.1,-,
12/29/25 6:22:54 PM,106.6,51.5,71.6,20.1,-,
12/29/25 6:22:55 PM,106.6,51.5,71.6,20.1,-,
12/29/25 6:22:56 PM,106.7,51.5,71.6,20.1,-,
12/29/25 6:22:57 PM,106.7,51.5,71.6,20.1,-,
12/29/25 6:22:58 PM,106.7,51.5,71.6,20.1,-,
12/29/25 6:22:59 PM,106.6,51.5,71.6,20.1,-,
12/29/25 6:23:00 PM,106.7,51.5,71.6,20.1,-,
12/29/25 6:23:01 PM,106.7,51.5,71.6,20.1,-,
12/29/25 6:23:02 PM,106.7,51.5,71.7,20.2,-,
12/29/25 6:23:03 PM,106.7,51.5,71.7,20.2,-,
12/29/25 6:23:04 PM,106.7,51.5,71.7,20.2,-,
12/29/25 6:23:05 PM,106.7,51.5,71.7,20.2,-,
12/29/25 6:23:06 PM,106.7,51.5,71.7,20.2,-,
12/29/25 6:23:07 PM,106.7,51.5,71.7,20.2,-,
12/29/25 6:23:08 PM,106.7,51.5,71.7,20.2,-,
12/29/25 6:23:09 PM,106.7,51.5,71.7,20.2,-,
12/29/25 6:23:10 PM,106.7,51.5,71.7,20.2,-,
12/29/25 6:23:11 PM,106.8,51.6,71.7,20.1,-,
12/29/25 6:23:12 PM,106.8,51.6,71.7,20.1,-,
12/29/25 6:23:13 PM,106.7,51.5,71.7,20.2,-,
12/29/25 6:23:14 PM,106.8,51.6,71.7,20.1,-,
12/29/25 6:23:15 PM,106.8,51.6,71.7,20.1,-,
12/29/25 6:23:16 PM,106.8,51.6,71.7,20.1,-,
12/29/25 6:23:17 PM,106.8,51.6,71.7,20.1,-,
12/29/25 6:23:18 PM,106.8,51.6,71.7,20.1,-,
12/29/25 6:23:19 PM,106.8,51.6,71.7,20.1,-,
12/29/25 6:23:20 PM,106.8,51.6,71.7,20.1,-,
12/29/25 6:23:21 PM,106.8,51.6,71.7,20.1,-,
12/29/25 6:23:22 PM,106.8,51.6,71.7,20.1,-,
12/29/25 6:23:23 PM,106.9,51.6,71.8,20.2,-,
12/29/25 6:23:24 PM,106.9,51.6,71.8,20.2,-,
12/29/25 6:23:25 PM,106.9,51.6,71.8,20.2,-,
12/29/25 6:23:26 PM,106.9,51.6,71.8,20.2,-,
12/29/25 6:23:27 PM,106.9,51.6,71.8,20.2,-,
12/29/25 6:23:28 PM,106.9,51.6,71.8,20.2,-,
12/29/25 6:23:29 PM,106.9,51.6,71.8,20.2,-,
12/29/25 6:23:30 PM,106.9,51.6,71.8,20.2,-,
12/29/25 6:23:31 PM,106.9,51.6,71.8,20.2,-,
12/29/25 6:23:32 PM,106.9,51.6,71.8,20.2,-,
12/29/25 6:23:33 PM,106.9,51.6,71.8,20.2,-,
12/29/25 6:23:34 PM,106.9,51.6,71.8,20.2,-,
12/29/25 6:23:35 PM,106.9,51.6,71.8,20.2,-,
12/29/25 6:23:36 PM,106.9,51.6,71.8,20.2,-,
12/29/25 6:23:37 PM,106.9,51.6,71.8,20.2,-,
12/29/25 6:23:38 PM,106.9,51.6,71.8,20.2,-,
12/29/25 6:23:39 PM,106.9,51.6,71.8,20.2,-,
12/29/25 6:23:40 PM,106.9,51.6,71.8,20.2,-,
12/29/25 6:23:41 PM,106.9,51.6,71.8,20.2,-,
12/29/25 6:23:42 PM,106.9,51.6,71.8,20.2,-,
12/29/25 6:23:43 PM,106.9,51.6,71.8,20.2,-,
12/29/25 6:23:44 PM,106.9,51.6,71.8,20.2,-,
12/29/25 6:23:45 PM,107.0,51.7,71.9,20.2,-,
12/29/25 6:23:46 PM,107.0,51.7,71.9,20.2,-,
12/29/25 6:23:47 PM,107.0,51.7,71.9,20.2,-,
12/29/25 6:23:48 PM,107.0,51.7,71.9,20.2,-,
12/29/25 6:23:49 PM,107.0,51.7,71.9,20.2,-,
12/29/25 6:23:50 PM,107.0,51.7,71.9,20.2,-,
12/29/25 6:23:51 PM,107.0,51.7,71.9,20.2,-,
12/29/25 6:23:52 PM,107.0,51.7,71.9,20.2,-,
12/29/25 6:23:53 PM,107.0,51.7,71.9,20.2,-,
12/29/25 6:23:54 PM,107.0,51.7,71.9,20.2,-,
12/29/25 6:23:55 PM,107.0,51.7,71.9,20.2,-,
12/29/25 6:23:56 PM,107.0,51.7,71.9,20.2,-,
12/29/25 6:23:57 PM,107.0,51.7,71.9,20.2,-,
12/29/25 6:23:58 PM,107.1,51.7,71.9,20.2,-,
12/29/25 6:23:59 PM,107.1,51.7,71.9,20.2,-,
12/29/25 6:24:00 PM,107.1,51.7,71.9,20.2,-,
12/29/25 6:24:01 PM,107.1,51.7,71.9,20.2,-,
12/29/25 6:24:02 PM,107.1,51.7,71.9,20.2,-,
12/29/25 6:24:03 PM,107.1,51.7,71.9,20.2,-,
12/29/25 6:24:04 PM,107.1,51.7,71.9,20.2,-,
12/29/25 6:24:05 PM,107.1,51.7,71.9,20.2,-,
12/29/25 6:24:06 PM,107.1,51.7,71.9,20.2,-,
12/29/25 6:24:07 PM,107.1,51.7,71.9,20.2,-,
12/29/25 6:24:08 PM,107.2,51.7,71.9,20.2,-,
12/29/25 6:24:09 PM,107.2,51.7,72.0,20.3,-,
12/29/25 6:24:10 PM,107.2,51.8,72.0,20.2,-,
12/29/25 6:24:11 PM,107.1,51.7,72.0,20.3,-,
12/29/25 6:24:12 PM,107.1,51.7,72.0,20.3,-,
12/29/25 6:24:13 PM,107.1,51.7,72.0,20.3,-,
12/29/25 6:24:14 PM,107.2,51.7,72.0,20.3,-,
12/29/25 6:24:15 PM,107.2,51.8,72.0,20.2,-,
12/29/25 6:24:16 PM,107.2,51.8,72.0,20.2,-,
12/29/25 6:24:17 PM,107.2,51.8,72.0,20.2,-,
12/29/25 6:24:18 PM,107.2,51.8,72.0,20.2,-,
12/29/25 6:24:19 PM,107.2,51.8,72.0,20.2,-,
12/29/25 6:24:20 PM,107.2,51.8,72.0,20.2,-,
12/29/25 6:24:21 PM,107.2,51.8,72.0,20.2,-,
12/29/25 6:24:22 PM,107.3,51.8,72.0,20.2,-,
12/29/25 6:24:23 PM,90.2,42.7,72.0,29.3,-,
12/29/25 6:24:24 PM,0.0,-49.9,72.0,121.9,-,
12/29/25 6:24:25 PM,0.0,-49.9,72.0,121.9,-,
12/29/25 6:24:26 PM,0.0,-49.9,72.0,121.9,-,
12/29/25 6:24:27 PM,0.0,-49.9,72.0,121.9,-,
12/29/25 6:24:28 PM,0.0,-49.9,72.0,121.9,-,
12/29/25 6:24:29 PM,0.0,-49.9,72.0,121.9,-,
12/29/25 6:24:30 PM,0.0,-49.9,72.0,121.9,-,
12/29/25 6:24:31 PM,0.0,-49.9,72.0,121.9,-,
12/29/25 6:24:32 PM,0.0,-49.9,72.0,121.9,-,
12/29/25 6:24:33 PM,0.0,-49.9,72.1,122.0,-,
12/29/25 6:24:34 PM,0.0,-49.9,72.1,122.0,-,
12/29/25 6:24:35 PM,0.0,-49.9,72.1,122.0,-,
12/29/25 6:24:36 PM,0.0,-49.9,72.1,122.0,-,
12/29/25 6:24:37 PM,0.0,-49.9,72.1,122.0,-,
12/29/25 6:24:38 PM,0.0,-49.9,72.1,122.0,-,
12/29/25 6:24:39 PM,0.0,-49.9,72.1,122.0,-,
12/29/25 6:24:40 PM,0.0,-49.9,72.1,122.0,-,
12/29/25 6:24:41 PM,0.0,-49.9,72.1,122.0,-,
12/29/25 6:24:42 PM,0.0,-49.9,72.1,122.0,-,
12/29/25 6:24:43 PM,0.0,-49.9,72.1,122.0,-,
12/29/25 6:24:44 PM,0.0,-49.9,72.1,122.0,-,
12/29/25 6:24:45 PM,0.0,-49.9,72.1,122.0,-,
12/29/25 6:24:46 PM,0.0,-49.9,72.1,122.0,-,
12/29/25 6:24:47 PM,0.0,-49.9,72.1,122.0,-,
12/29/25 6:24:48 PM,0.0,-49.9,72.1,122.0,-,
12/29/25 6:24:49 PM,0.0,-49.9,72.1,122.0,-,
12/29/25 6:24:50 PM,0.0,-49.9,72.1,122.0,-,
12/29/25 6:24:51 PM,0.0,-49.9,72.1,122.0,-,
12/29/25 6:24:52 PM,0.0,-49.9,72.1,122.0,-,
12/29/25 6:24:53 PM,0.0,-49.9,72.1,122.0,-,
12/29/25 6:24:54 PM,0.0,-49.9,72.1,122.0,-,
12/29/25 6:24:55 PM,0.0,-49.9,72.0,121.9,-,
12/29/25 6:24:56 PM,0.0,-49.9,72.0,121.9,-,
12/29/25 6:24:57 PM,0.0,-49.9,71.9,121.8,-,
12/29/25 6:24:58 PM,0.0,-49.9,71.9,121.8,-,
12/29/25 6:24:59 PM,0.0,-49.9,71.8,121.7,-,
12/29/25 6:25:00 PM,0.0,-49.9,71.7,121.6,-,
12/29/25 6:25:01 PM,0.0,-49.9,71.6,121.5,-,
12/29/25 6:25:02 PM,0.0,-49.9,71.6,121.5,-,
12/29/25 6:25:03 PM,0.0,-49.9,71.5,121.4,-,
12/29/25 6:25:04 PM,0.0,-49.9,71.4,121.3,-,
12/29/25 6:25:05 PM,0.0,-49.9,71.3,121.2,-,
12/29/25 6:25:06 PM,0.0,-49.9,71.2,121.1,-,
12/29/25 6:25:07 PM,0.0,-49.9,71.2,121.1,-,
12/29/25 6:25:08 PM,0.0,-49.9,71.1,121.0,-,
12/29/25 6:25:09 PM,0.0,-49.9,71.0,120.9,-,
12/29/25 6:25:10 PM,0.0,-49.9,70.9,120.8,-,
12/29/25 6:25:11 PM,0.0,-49.9,70.9,120.8,-,
12/29/25 6:25:12 PM,11.2,-27.3,70.8,98.1,-,
12/29/25 6:25:13 PM,10.6,-28.3,70.7,99.0,-,
12/29/25 6:25:14 PM,10.0,-29.3,70.7,100.0,-,
12/29/25 6:25:15 PM,9.6,-30.0,70.6,100.6,-,
12/29/25 6:25:16 PM,9.2,-30.7,70.5,101.2,-,
12/29/25 6:25:17 PM,8.8,-31.4,70.5,101.9,-,
12/29/25 6:25:18 PM,8.8,-31.4,70.4,101.8,-,
12/29/25 6:25:19 PM,9.2,-30.7,70.4,101.1,-,
12/29/25 6:25:20 PM,9.2,-30.7,70.3,101.0,-,
12/29/25 6:25:21 PM,23.4,-10.3,70.3,80.6,-,
12/29/25 6:25:22 PM,49.0,15.0,70.2,55.2,-,
12/29/25 6:25:23 PM,63.9,26.3,70.2,43.9,-,
12/29/25 6:25:24 PM,64.9,27.0,70.2,43.2,-,
12/29/25 6:25:25 PM,64.3,26.5,70.1,43.6,-,
12/29/25 6:25:26 PM,63.9,26.3,70.0,43.7,-,
12/29/25 6:25:27 PM,62.5,25.3,69.8,44.5,-,
12/29/25 6:25:28 PM,61.9,24.8,69.1,44.3,-,
12/29/25 6:25:29 PM,61.8,24.8,68.2,43.4,-,
12/29/25 6:25:30 PM,62.3,25.1,67.0,41.9,-,
12/29/25 6:25:31 PM,63.1,25.7,65.5,39.8,-,
12/29/25 6:25:32 PM,63.4,25.9,64.0,38.1,-,
12/29/25 6:25:33 PM,63.7,26.1,62.4,36.3,-,
12/29/25 6:25:34 PM,64.1,26.4,60.8,34.4,-,
12/29/25 6:25:35 PM,65.4,27.3,59.3,32.0,-,
12/29/25 6:25:36 PM,65.6,27.4,57.9,30.5,-,
12/29/25 6:25:37 PM,64.4,26.6,56.6,30.0,-,
12/29/25 6:25:38 PM,56.2,20.7,55.4,34.7,-,
12/29/25 6:25:39 PM,55.7,20.3,54.2,33.9,-,
12/29/25 6:25:40 PM,54.5,19.4,53.2,33.8,-,
12/29/25 6:25:41 PM,52.7,18.0,52.3,34.3,-,
12/29/25 6:25:42 PM,50.1,15.9,51.4,35.5,-,
12/29/25 6:25:43 PM,47.8,14.0,50.7,36.7,-,
12/29/25 6:25:44 PM,44.8,11.5,50.0,38.5,-,
12/29/25 6:25:45 PM,42.4,9.3,49.3,40.0,-,
12/29/25 6:25:46 PM,40.5,7.6,48.7,41.1,-,
12/29/25 6:25:47 PM,38.5,5.8,48.1,42.3,-,
12/29/25 6:25:48 PM,36.8,4.2,47.5,43.3,-,
12/29/25 6:25:49 PM,35.6,3.0,47.0,44.0,-,
12/29/25 6:25:50 PM,33.6,1.0,46.4,45.4,-,
12/29/25 6:25:51 PM,32.9,0.3,45.9,45.6,-,
12/29/25 6:25:52 PM,35.8,3.2,45.4,42.2,-,
12/29/25 6:25:53 PM,53.8,18.8,44.9,26.1,-,
12/29/25 6:25:54 PM,57.0,21.3,44.4,23.1,-,
12/29/25 6:25:55 PM,61.1,24.3,44.0,19.7,-,
12/29/25 6:25:56 PM,62.9,25.6,43.5,17.9,-,
12/29/25 6:25:57 PM,64.3,26.5,42.9,16.4,-,
12/29/25 6:25:58 PM,65.9,27.6,42.3,14.7,-,
12/29/25 6:25:59 PM,67.8,28.9,41.6,12.7,-,
12/29/25 6:26:00 PM,69.8,30.3,41.0,10.7,-,
12/29/25 6:26:01 PM,72.0,31.7,40.4,8.7,-,
12/29/25 6:26:02 PM,72.9,32.3,39.9,7.6,-,
12/29/25 6:26:03 PM,73.2,32.5,39.4,6.9,-,
12/29/25 6:26:04 PM,73.2,32.5,39.1,6.6,-,
12/29/25 6:26:05 PM,73.5,32.7,38.8,6.1,-,
12/29/25 6:26:06 PM,73.5,32.7,38.7,6.0,-,
12/29/25 6:26:07 PM,74.0,33.0,38.5,5.5,-,
12/29/25 6:26:08 PM,74.2,33.1,38.5,5.4,-,
12/29/25 6:26:09 PM,74.3,33.2,38.4,5.2,-,
12/29/25 6:26:10 PM,74.3,33.2,38.4,5.2,-,
12/29/25 6:26:11 PM,74.5,33.3,38.4,5.1,-,
12/29/25 6:26:12 PM,74.5,33.3,38.5,5.2,-,
12/29/25 6:26:13 PM,74.4,33.3,38.5,5.2,-,
12/29/25 6:26:14 PM,74.7,33.4,38.6,5.2,-,
12/29/25 6:26:15 PM,74.7,33.5,38.6,5.1,-,
12/29/25 6:26:16 PM,74.7,33.5,38.6,5.1,-,
12/29/25 6:26:17 PM,74.8,33.5,38.7,5.2,-,
12/29/25 6:26:18 PM,75.0,33.6,38.7,5.1,-,
12/29/25 6:26:19 PM,75.0,33.6,38.8,5.2,-,
12/29/25 6:26:20 PM,74.9,33.6,38.8,5.2,-,
12/29/25 6:26:21 PM,75.0,33.6,38.8,5.2,-,
12/29/25 6:26:22 PM,75.0,33.6,38.8,5.2,-,
12/29/25 6:26:23 PM,75.0,33.6,38.8,5.2,-,
12/29/25 6:26:24 PM,75.0,33.6,38.9,5.3,-,
12/29/25 6:26:25 PM,70.5,30.7,38.9,8.2,-,
12/29/25 6:26:26 PM,77.7,35.3,38.8,3.5,-,
12/29/25 6:26:27 PM,68.6,29.5,38.8,9.3,-,
12/29/25 6:26:28 PM,65.7,27.5,38.8,11.3,-,
12/29/25 6:26:29 PM,65.2,27.2,38.8,11.6,-,
12/29/25 6:26:30 PM,62.6,25.3,38.8,13.5,-,
12/29/25 6:26:31 PM,59.1,22.8,38.7,15.9,-,
12/29/25 6:26:32 PM,57.8,21.9,38.7,16.8,-,
12/29/25 6:26:33 PM,57.2,21.4,38.7,17.3,-,
12/29/25 6:26:34 PM,56.9,21.2,38.6,17.4,-,
12/29/25 6:26:35 PM,57.3,21.5,38.6,17.1,-,
12/29/25 6:26:36 PM,57.9,21.9,38.6,16.7,-,
12/29/25 6:26:37 PM,58.0,22.0,38.6,16.6,-,
12/29/25 6:26:38 PM,58.0,22.0,38.7,16.7,-,
12/29/25 6:26:39 PM,58.1,22.1,38.8,16.7,-,
12/29/25 6:26:40 PM,58.3,22.2,38.9,16.7,-,
12/29/25 6:26:41 PM,58.7,22.4,39.1,16.7,-,
12/29/25 6:26:42 PM,58.9,22.7,39.3,16.6,-,
12/29/25 6:26:43 PM,59.2,22.9,39.5,16.6,-,
12/29/25 6:26:44 PM,59.5,23.1,39.7,16.6,-,
12/29/25 6:26:45 PM,59.7,23.3,40.0,16.7,-,
12/29/25 6:26:46 PM,59.9,23.4,40.2,16.8,-,
12/29/25 6:26:47 PM,60.1,23.5,40.5,17.0,-,
12/29/25 6:26:48 PM,60.2,23.6,40.8,17.2,-,
12/29/25 6:26:49 PM,60.2,23.6,41.1,17.5,-,
12/29/25 6:26:50 PM,60.4,23.8,41.4,17.6,-,
12/29/25 6:26:51 PM,60.5,23.8,41.7,17.9,-,
12/29/25 6:26:52 PM,60.6,23.9,42.0,18.1,-,
12/29/25 6:26:53 PM,60.8,24.0,42.2,18.2,-,
12/29/25 6:26:54 PM,60.8,24.1,42.5,18.4,-,
12/29/25 6:26:55 PM,60.9,24.1,42.8,18.7,-,
12/29/25 6:26:56 PM,61.0,24.2,43.0,18.8,-,
12/29/25 6:26:57 PM,61.1,24.3,43.3,19.0,-,
12/29/25 6:26:58 PM,61.2,24.3,43.6,19.3,-,
12/29/25 6:26:59 PM,61.3,24.4,43.9,19.5,-,
12/29/25 6:27:00 PM,61.5,24.6,44.2,19.6,-,
12/29/25 6:27:01 PM,61.8,24.8,44.6,19.8,-,
12/29/25 6:27:02 PM,62.1,25.0,44.9,19.9,-,
12/29/25 6:27:03 PM,62.3,25.1,45.2,20.1,-,
12/29/25 6:27:04 PM,62.5,25.3,45.5,20.2,-,
12/29/25 6:27:05 PM,62.7,25.4,45.9,20.5,-,
12/29/25 6:27:06 PM,62.9,25.6,46.2,20.6,-,
12/29/25 6:27:07 PM,63.1,25.7,46.5,20.8,-,
12/29/25 6:27:08 PM,63.2,25.8,46.8,21.0,-,
12/29/25 6:27:09 PM,63.6,26.0,47.2,21.2,-,
12/29/25 6:27:10 PM,63.8,26.2,47.5,21.3,-,
12/29/25 6:27:11 PM,64.0,26.3,47.7,21.4,-,
12/29/25 6:27:12 PM,64.3,26.5,48.0,21.5,-,
12/29/25 6:27:13 PM,64.6,26.7,48.3,21.6,-,
12/29/25 6:27:14 PM,64.9,26.9,48.6,21.7,-,
12/29/25 6:27:15 PM,65.1,27.1,48.8,21.7,-,
12/29/25 6:27:16 PM,65.4,27.3,49.1,21.8,-,
12/29/25 6:27:17 PM,65.4,27.3,49.1,21.8,-,
12/29/25 6:27:18 PM,65.4,27.3,49.1,21.8,-,
12/29/25 6:27:19 PM,66.4,28.0,49.8,21.8,-,
12/29/25 6:27:20 PM,66.6,28.1,50.0,21.9,-,
12/29/25 6:27:21 PM,67.0,28.4,50.2,21.8,65.2,
12/29/25 6:27:22 PM,67.3,28.6,50.4,21.8,65.3,
12/29/25 6:27:23 PM,67.5,28.7,50.6,21.9,65.3,
12/29/25 6:27:24 PM,67.9,29.0,50.8,21.8,65.4,
12/29/25 6:27:25 PM,68.3,29.3,51.0,21.7,65.4,
12/29/25 6:27:26 PM,68.6,29.5,51.2,21.7,65.5,
12/29/25 6:27:27 PM,68.9,29.7,51.3,21.6,65.5,
12/29/25 6:27:28 PM,69.3,29.9,51.5,21.6,65.6,
12/29/25 6:27:29 PM,69.6,30.1,51.6,21.5,65.7,
12/29/25 6:27:30 PM,70.0,30.4,51.8,21.4,65.8,
12/29/25 6:27:31 PM,70.3,30.6,51.9,21.3,65.9,
12/29/25 6:27:32 PM,70.6,30.8,52.1,21.3,65.9,
12/29/25 6:27:33 PM,71.0,31.1,52.2,21.1,66.0,
12/29/25 6:27:34 PM,71.2,31.2,52.3,21.1,66.1,
12/29/25 6:27:35 PM,71.5,31.4,52.4,21.0,66.2,
12/29/25 6:27:36 PM,71.7,31.5,52.5,21.0,66.4,
12/29/25 6:27:37 PM,72.0,31.7,52.6,20.9,67.4,
12/29/25 6:27:38 PM,72.3,31.9,52.7,20.8,69.1,
12/29/25 6:27:39 PM,72.5,32.0,52.8,20.8,71.4,
12/29/25 6:27:40 PM,72.8,32.2,52.9,20.7,74.1,
12/29/25 6:27:41 PM,73.0,32.4,53.0,20.6,77.1,
12/29/25 6:27:42 PM,73.2,32.5,53.0,20.5,80.3,
12/29/25 6:27:43 PM,73.3,32.6,53.1,20.5,83.5,
12/29/25 6:27:44 PM,73.5,32.7,53.2,20.5,86.7,
12/29/25 6:27:45 PM,73.7,32.8,53.2,20.4,89.7,
12/29/25 6:27:46 PM,73.9,32.9,53.3,20.4,92.7,
12/29/25 6:27:47 PM,74.0,33.0,53.3,20.3,95.5,
12/29/25 6:27:48 PM,74.1,33.1,53.4,20.3,98.3,
12/29/25 6:27:49 PM,74.2,33.1,53.4,20.3,100.9,
12/29/25 6:27:50 PM,74.3,33.2,53.5,20.3,103.6,
12/29/25 6:27:51 PM,74.4,33.3,53.5,20.2,106.1,
12/29/25 6:27:52 PM,74.4,33.3,53.5,20.2,108.4,
12/29/25 6:27:53 PM,74.6,33.3,53.6,20.3,110.6,
12/29/25 6:27:54 PM,74.8,33.5,53.6,20.1,112.7,
12/29/25 6:27:55 PM,74.9,33.6,53.6,20.0,114.7,
12/29/25 6:27:56 PM,75.1,33.7,53.6,19.9,116.6,
12/29/25 6:27:57 PM,75.1,33.7,53.6,19.9,118.4,
12/29/25 6:27:58 PM,75.2,33.8,53.7,19.9,120.1,
12/29/25 6:27:59 PM,75.2,33.8,53.7,19.9,121.8,
12/29/25 6:28:00 PM,75.4,33.9,53.7,19.8,123.5,
12/29/25 6:28:01 PM,75.4,33.9,53.7,19.8,125.0,
12/29/25 6:28:02 PM,75.5,34.0,53.7,19.7,126.4,
12/29/25 6:28:03 PM,75.6,34.0,53.7,19.7,127.8,
12/29/25 6:28:04 PM,75.7,34.1,53.7,19.6,129.1,
12/29/25 6:28:05 PM,75.8,34.2,53.7,19.5,130.3,
12/29/25 6:28:06 PM,75.9,34.2,53.7,19.5,131.5,
12/29/25 6:28:07 PM,75.9,34.2,53.7,19.5,132.6,
12/29/25 6:28:08 PM,76.0,34.3,53.6,19.3,133.7,
12/29/25 6:28:09 PM,76.0,34.3,53.6,19.3,134.7,
12/29/25 6:28:10 PM,76.0,34.3,53.6,19.3,135.7,
12/29/25 6:28:11 PM,76.1,34.3,53.6,19.3,136.7,
12/29/25 6:28:12 PM,76.1,34.3,53.5,19.2,137.6,
12/29/25 6:28:13 PM,76.2,34.4,53.5,19.1,138.5,
12/29/25 6:28:14 PM,76.2,34.4,53.4,19.0,139.3,
12/29/25 6:28:15 PM,76.4,34.5,53.4,18.9,140.1,
12/29/25 6:28:16 PM,76.5,34.6,53.3,18.7,140.9,
12/29/25 6:28:17 PM,76.5,34.6,53.3,18.7,141.7,
12/29/25 6:28:18 PM,76.5,34.6,53.2,18.6,142.5,
12/29/25 6:28:19 PM,76.6,34.7,53.2,18.5,143.2,
12/29/25 6:28:20 PM,76.7,34.7,53.1,18.4,143.9,
12/29/25 6:28:21 PM,76.7,34.7,53.0,18.3,144.5,
12/29/25 6:28:22 PM,76.7,34.7,52.9,18.2,145.2,
12/29/25 6:28:23 PM,76.8,34.8,52.8,18.0,145.8,
12/29/25 6:28:24 PM,76.9,34.8,52.8,18.0,146.4,
12/29/25 6:28:25 PM,76.9,34.8,52.7,17.9,147.0,
12/29/25 6:28:26 PM,77.0,34.9,52.6,17.7,147.6,
12/29/25 6:28:27 PM,77.1,35.0,52.5,17.5,148.1,
12/29/25 6:28:28 PM,77.2,35.0,52.4,17.4,148.6,
12/29/25 6:28:29 PM,77.2,35.0,52.3,17.3,149.2,
12/29/25 6:28:30 PM,77.3,35.1,52.2,17.1,149.7,
12/29/25 6:28:31 PM,77.3,35.1,52.1,17.0,150.2,
12/29/25 6:28:32 PM,77.4,35.2,52.0,16.8,150.7,
12/29/25 6:28:33 PM,77.5,35.2,51.9,16.7,151.2,
12/29/25 6:28:34 PM,77.5,35.2,51.7,16.5,151.7,
12/29/25 6:28:35 PM,77.5,35.2,51.6,16.4,152.2,
12/29/25 6:28:36 PM,77.5,35.2,51.5,16.3,152.6,
12/29/25 6:28:37 PM,77.4,35.2,51.3,16.1,153.1,
12/29/25 6:28:38 PM,77.4,35.2,51.2,16.0,153.5,
12/29/25 6:28:39 PM,77.4,35.2,51.1,15.9,154.0,
12/29/25 6:28:40 PM,77.4,35.2,50.9,15.7,154.4,
12/29/25 6:28:41 PM,77.4,35.2,50.7,15.5,154.8,
12/29/25 6:28:42 PM,77.4,35.1,50.6,15.5,155.2,
12/29/25 6:28:43 PM,77.3,35.1,50.4,15.3,155.6,
12/29/25 6:28:44 PM,77.2,35.0,50.2,15.2,156.0,
12/29/25 6:28:45 PM,77.2,35.0,50.0,15.0,156.4,
12/29/25 6:28:46 PM,77.1,35.0,49.8,14.8,156.8,
12/29/25 6:28:47 PM,77.1,35.0,49.6,14.6,157.2,
12/29/25 6:28:48 PM,77.0,34.9,49.4,14.5,157.6,
12/29/25 6:28:49 PM,77.0,34.9,49.2,14.3,157.9,
12/29/25 6:28:50 PM,77.0,34.9,49.0,14.1,158.3,
12/29/25 6:28:51 PM,76.9,34.8,48.8,14.0,158.6,
12/29/25 6:28:52 PM,76.9,34.8,48.6,13.8,159.0,
12/29/25 6:28:53 PM,76.9,34.8,48.4,13.6,159.3,
12/29/25 6:28:54 PM,76.8,34.8,48.2,13.4,159.6,
12/29/25 6:28:55 PM,76.7,34.7,48.0,13.3,159.9,
12/29/25 6:28:56 PM,76.7,34.7,47.9,13.2,160.2,
12/29/25 6:28:57 PM,76.7,34.7,47.7,13.0,160.5,
12/29/25 6:28:58 PM,76.7,34.7,47.5,12.8,160.8,
12/29/25 6:28:59 PM,76.6,34.7,47.4,12.7,161.0,
12/29/25 6:29:00 PM,76.5,34.6,47.3,12.7,161.3,
12/29/25 6:29:01 PM,76.4,34.5,47.1,12.6,161.6,
12/29/25 6:29:02 PM,76.3,34.5,47.0,12.5,161.8,
12/29/25 6:29:03 PM,76.2,34.4,46.8,12.4,162.1,
12/29/25 6:29:04 PM,76.0,34.3,46.7,12.4,162.3,
12/29/25 6:29:05 PM,75.7,34.1,46.6,12.5,162.5,
12/29/25 6:29:06 PM,75.4,33.9,46.5,12.6,162.8,
12/29/25 6:29:07 PM,75.1,33.6,46.3,12.7,163.0,
12/29/25 6:29:08 PM,74.7,33.5,46.2,12.7,163.2,
12/29/25 6:29:09 PM,74.3,33.2,46.1,12.9,163.4,
12/29/25 6:29:10 PM,74.0,33.0,46.0,13.0,163.7,
12/29/25 6:29:11 PM,73.7,32.8,45.9,13.1,163.9,
12/29/25 6:29:12 PM,73.4,32.6,45.8,13.2,164.1,
12/29/25 6:29:13 PM,73.2,32.5,45.7,13.2,164.2,
12/29/25 6:29:14 PM,73.0,32.4,45.5,13.1,164.4,
12/29/25 6:29:15 PM,72.7,32.2,45.4,13.2,164.6,
12/29/25 6:29:16 PM,72.4,32.0,45.3,13.3,164.8,
12/29/25 6:29:17 PM,72.1,31.8,45.2,13.4,165.0,
12/29/25 6:29:18 PM,71.9,31.7,45.1,13.4,165.2,
12/29/25 6:29:19 PM,71.5,31.4,45.0,13.6,165.3,
12/29/25 6:29:20 PM,71.1,31.1,44.9,13.8,165.5,
12/29/25 6:29:21 PM,70.9,31.0,44.7,13.7,165.6,
12/29/25 6:29:22 PM,70.7,30.9,44.6,13.7,165.8,
12/29/25 6:29:23 PM,70.5,30.7,44.5,13.8,165.9,
12/29/25 6:29:24 PM,70.2,30.5,44.4,13.9,166.1,
12/29/25 6:29:25 PM,70.1,30.5,44.3,13.8,166.2,
12/29/25 6:29:26 PM,69.9,30.3,44.2,13.9,166.4,
12/29/25 6:29:27 PM,69.8,30.3,44.1,13.8,166.5,
12/29/25 6:29:28 PM,69.7,30.2,44.1,13.9,166.6,
12/29/25 6:29:29 PM,69.6,30.1,44.0,13.9,166.7,
12/29/25 6:29:30 PM,69.6,30.1,43.9,13.8,166.8,
12/29/25 6:29:31 PM,69.5,30.1,43.8,13.7,167.0,
12/29/25 6:29:32 PM,69.5,30.1,43.8,13.7,167.1,
12/29/25 6:29:33 PM,69.4,30.0,43.7,13.7,167.2,
12/29/25 6:29:34 PM,69.4,30.0,43.7,13.7,167.3,
12/29/25 6:29:35 PM,69.4,30.0,43.6,13.6,167.4,
12/29/25 6:29:36 PM,69.3,29.9,43.6,13.7,167.5,
12/29/25 6:29:37 PM,69.3,29.9,43.6,13.7,167.6,
12/29/25 6:29:38 PM,69.2,29.9,43.6,13.7,167.7,
12/29/25 6:29:39 PM,69.2,29.9,43.6,13.7,167.8,
12/29/25 6:29:40 PM,69.3,29.9,43.6,13.7,167.9,
12/29/25 6:29:41 PM,69.3,29.9,43.6,13.7,167.9,
12/29/25 6:29:42 PM,69.3,29.9,43.6,13.7,168.0,
12/29/25 6:29:43 PM,69.3,29.9,43.6,13.7,168.1,
12/29/25 6:29:44 PM,69.3,29.9,43.6,13.7,168.2,
12/29/25 6:29:45 PM,69.3,29.9,43.6,13.7,168.3,
12/29/25 6:29:46 PM,69.4,30.0,43.6,13.6,168.4,
12/29/25 6:29:47 PM,69.4,30.0,43.6,13.6,168.5,
12/29/25 6:29:48 PM,69.4,30.0,43.6,13.6,168.6,
12/29/25 6:29:49 PM,69.5,30.1,43.7,13.6,168.6,
12/29/25 6:29:50 PM,69.4,30.0,43.7,13.7,168.7,
12/29/25 6:29:51 PM,69.5,30.0,43.7,13.7,168.8,
12/29/25 6:29:52 PM,69.6,30.1,43.8,13.7,168.9,
12/29/25 6:29:53 PM,69.6,30.1,43.8,13.7,169.0,
12/29/25 6:29:54 PM,69.7,30.2,43.8,13.6,169.1,
12/29/25 6:29:55 PM,69.7,30.2,43.9,13.7,169.1,
12/29/25 6:29:56 PM,69.8,30.3,43.9,13.6,169.2,
12/29/25 6:29:57 PM,69.8,30.3,43.9,13.6,169.3,
12/29/25 6:29:58 PM,69.8,30.3,44.0,13.7,169.4,
12/29/25 6:29:59 PM,69.8,30.3,44.0,13.7,169.4,
12/29/25 6:30:00 PM,69.9,30.3,44.0,13.7,169.5,
12/29/25 6:30:01 PM,69.9,30.3,44.1,13.8,169.6,
12/29/25 6:30:02 PM,70.0,30.4,44.1,13.7,169.7,
12/29/25 6:30:03 PM,70.1,30.5,44.1,13.6,169.8,
12/29/25 6:30:04 PM,70.1,30.5,44.2,13.7,169.8,
12/29/25 6:30:05 PM,70.2,30.5,44.2,13.7,169.9,
12/29/25 6:30:06 PM,70.2,30.5,44.3,13.8,170.0,
12/29/25 6:30:07 PM,70.3,30.6,44.3,13.7,170.1,
12/29/25 6:30:08 PM,70.4,30.7,44.3,13.6,170.2,
12/29/25 6:30:09 PM,70.4,30.7,44.4,13.7,170.2,
12/29/25 6:30:10 PM,70.5,30.7,44.4,13.7,170.3,
12/29/25 6:30:11 PM,70.5,30.7,44.5,13.8,170.4,
12/29/25 6:30:12 PM,70.6,30.8,44.5,13.7,170.5,
12/29/25 6:30:13 PM,70.7,30.9,44.6,13.7,170.6,
12/29/25 6:30:14 PM,70.7,30.9,44.6,13.7,170.7,
12/29/25 6:30:15 PM,70.8,30.9,44.6,13.7,170.8,
12/29/25 6:30:16 PM,70.8,30.9,44.7,13.8,170.9,
12/29/25 6:30:17 PM,70.9,31.0,44.7,13.7,171.0,
12/29/25 6:30:18 PM,71.0,31.1,44.7,13.6,171.1,
12/29/25 6:30:19 PM,71.0,31.1,44.8,13.7,171.2,
12/29/25 6:30:20 PM,71.0,31.1,44.8,13.7,171.3,
12/29/25 6:30:21 PM,71.0,31.1,44.8,13.7,171.4,
12/29/25 6:30:22 PM,71.1,31.1,44.9,13.8,171.5,
12/29/25 6:30:23 PM,71.1,31.1,44.9,13.8,171.6,
12/29/25 6:30:24 PM,71.2,31.2,44.9,13.7,171.7,
12/29/25 6:30:25 PM,71.2,31.2,44.9,13.7,171.7,
12/29/25 6:30:26 PM,71.3,31.3,45.0,13.7,171.8,
12/29/25 6:30:27 PM,71.3,31.3,45.0,13.7,171.9,
12/29/25 6:30:28 PM,71.4,31.3,45.0,13.7,172.0,
12/29/25 6:30:29 PM,71.4,31.3,45.0,13.7,172.1,
12/29/25 6:30:30 PM,71.4,31.3,45.1,13.8,172.1,
12/29/25 6:30:31 PM,71.5,31.4,45.1,13.7,172.2,
12/29/25 6:30:32 PM,71.5,31.4,45.1,13.7,172.3,
12/29/25 6:30:33 PM,71.5,31.4,45.1,13.7,172.4,
12/29/25 6:30:34 PM,71.6,31.5,45.1,13.6,172.4,
12/29/25 6:30:35 PM,71.6,31.5,45.2,13.7,172.5,
12/29/25 6:30:36 PM,71.7,31.5,45.2,13.7,172.6,
12/29/25 6:30:37 PM,71.7,31.5,45.2,13.7,172.6,
12/29/25 6:30:38 PM,71.7,31.5,45.2,13.7,172.7,
12/29/25 6:30:39 PM,71.8,31.6,45.2,13.6,172.8,
12/29/25 6:30:40 PM,71.8,31.6,45.2,13.6,172.9,
12/29/25 6:30:41 PM,71.9,31.7,45.2,13.5,172.9,
12/29/25 6:30:42 PM,71.9,31.7,45.2,13.5,173.0,
12/29/25 6:30:43 PM,71.9,31.7,45.2,13.5,173.0,
12/29/25 6:30:44 PM,72.0,31.7,45.2,13.5,173.1,
12/29/25 6:30:45 PM,72.0,31.7,45.2,13.5,173.2,
12/29/25 6:30:46 PM,72.0,31.7,45.2,13.5,173.3,
12/29/25 6:30:47 PM,72.1,31.8,45.2,13.4,173.3,
12/29/25 6:30:48 PM,72.1,31.8,45.2,13.4,173.4,
12/29/25 6:30:49 PM,72.1,31.8,45.2,13.4,173.4,
12/29/25 6:30:50 PM,72.1,31.8,45.2,13.4,173.5,
12/29/25 6:30:51 PM,72.2,31.8,45.2,13.4,173.5,
12/29/25 6:30:52 PM,72.2,31.8,45.2,13.4,173.6,
12/29/25 6:30:53 PM,72.2,31.8,45.2,13.4,173.6,
12/29/25 6:30:54 PM,72.2,31.8,45.2,13.4,173.7,
12/29/25 6:30:55 PM,72.3,31.9,45.2,13.3,173.8,
12/29/25 6:30:56 PM,72.3,31.9,45.1,13.2,173.8,
12/29/25 6:30:57 PM,72.3,31.9,45.1,13.2,173.9,
12/29/25 6:30:58 PM,72.3,31.9,45.1,13.2,173.9,
12/29/25 6:30:59 PM,72.3,31.9,45.1,13.2,173.9,
12/29/25 6:31:00 PM,72.4,32.0,45.1,13.1,174.0,
12/29/25 6:31:01 PM,72.4,32.0,45.0,13.0,174.0,
12/29/25 6:31:02 PM,72.4,32.0,45.0,13.0,174.1,
12/29/25 6:31:03 PM,72.4,32.0,45.0,13.0,174.1,
12/29/25 6:31:04 PM,72.4,32.0,44.9,12.9,174.2,
12/29/25 6:31:05 PM,72.5,32.0,44.9,12.9,174.2,
12/29/25 6:31:06 PM,72.5,32.0,44.8,12.8,174.3,
12/29/25 6:31:07 PM,72.5,32.0,44.8,12.8,174.3,
12/29/25 6:31:08 PM,72.5,32.0,44.8,12.8,174.4,
12/29/25 6:31:09 PM,72.5,32.0,44.7,12.7,174.4,
12/29/25 6:31:10 PM,72.5,32.0,44.7,12.7,174.5,
12/29/25 6:31:11 PM,72.5,32.0,44.6,12.6,174.5,
12/29/25 6:31:12 PM,72.4,32.0,44.5,12.5,174.6,
12/29/25 6:31:13 PM,72.4,32.0,44.5,12.5,174.6,
12/29/25 6:31:14 PM,72.4,32.0,44.4,12.4,174.6,
12/29/25 6:31:15 PM,72.4,32.0,44.4,12.4,174.7,
12/29/25 6:31:16 PM,72.4,32.0,44.3,12.3,174.7,
12/29/25 6:31:17 PM,72.4,32.0,44.3,12.3,174.8,
12/29/25 6:31:18 PM,72.3,31.9,44.2,12.3,174.8,
12/29/25 6:31:19 PM,72.3,31.9,44.2,12.3,174.9,
12/29/25 6:31:20 PM,72.3,31.9,44.1,12.2,174.9,
12/29/25 6:31:21 PM,72.3,31.9,44.0,12.1,175.0,
12/29/25 6:31:22 PM,72.3,31.9,44.0,12.1,175.0,
12/29/25 6:31:23 PM,72.3,31.9,43.9,12.0,175.1,
12/29/25 6:31:24 PM,72.2,31.8,43.9,12.1,175.1,
12/29/25 6:31:25 PM,72.2,31.8,43.8,12.0,175.1,
12/29/25 6:31:26 PM,72.2,31.8,43.8,12.0,175.2,
12/29/25 6:31:27 PM,72.2,31.8,43.7,11.9,175.2,
12/29/25 6:31:28 PM,72.2,31.8,43.6,11.8,175.3,
12/29/25 6:31:29 PM,72.2,31.8,43.6,11.8,175.3,
12/29/25 6:31:30 PM,72.2,31.8,43.5,11.7,175.3,
12/29/25 6:31:31 PM,72.1,31.8,43.4,11.6,175.3,
12/29/25 6:31:32 PM,72.1,31.8,43.3,11.5,175.4,
12/29/25 6:31:33 PM,72.1,31.8,43.2,11.4,175.4,
12/29/25 6:31:34 PM,72.0,31.7,43.1,11.4,175.4,
12/29/25 6:31:35 PM,72.0,31.7,43.0,11.3,175.4,
12/29/25 6:31:36 PM,72.0,31.7,42.9,11.2,175.4,
12/29/25 6:31:37 PM,72.0,31.7,42.8,11.1,175.5,
12/29/25 6:31:38 PM,71.9,31.7,42.7,11.0,175.5,
12/29/25 6:31:39 PM,71.9,31.7,42.6,10.9,175.5,
12/29/25 6:31:40 PM,71.9,31.7,42.5,10.8,175.5,
12/29/25 6:31:41 PM,71.8,31.6,42.4,10.8,175.5,
12/29/25 6:31:42 PM,71.8,31.6,42.3,10.7,175.6,
12/29/25 6:31:43 PM,71.7,31.5,42.2,10.7,175.6,
12/29/25 6:31:44 PM,71.6,31.5,42.1,10.6,175.6,
12/29/25 6:31:45 PM,71.5,31.4,42.1,10.7,175.6,
12/29/25 6:31:46 PM,71.3,31.3,42.0,10.7,175.7,
12/29/25 6:31:47 PM,71.2,31.2,41.9,10.7,175.7,
12/29/25 6:31:48 PM,71.0,31.1,41.8,10.7,175.7,
12/29/25 6:31:49 PM,70.8,30.9,41.7,10.8,175.7,
12/29/25 6:31:50 PM,70.6,30.8,41.6,10.8,175.8,
12/29/25 6:31:51 PM,70.3,30.6,41.6,11.0,175.8,
12/29/25 6:31:52 PM,70.0,30.4,41.5,11.1,175.8,
12/29/25 6:31:53 PM,69.8,30.3,41.4,11.1,175.8,
12/29/25 6:31:54 PM,69.6,30.1,41.3,11.2,175.8,
12/29/25 6:31:55 PM,69.3,29.9,41.3,11.4,175.8,
12/29/25 6:31:56 PM,69.1,29.8,41.2,11.4,175.9,
12/29/25 6:31:57 PM,68.9,29.7,41.1,11.4,175.9,
12/29/25 6:31:58 PM,68.8,29.6,41.0,11.4,175.9,
12/29/25 6:31:59 PM,68.6,29.5,40.9,11.4,175.9,
12/29/25 6:32:00 PM,68.4,29.3,40.9,11.6,175.9,
12/29/25 6:32:01 PM,68.1,29.1,40.8,11.7,175.9,
12/29/25 6:32:02 PM,67.9,29.0,40.7,11.7,175.9,
12/29/25 6:32:03 PM,67.7,28.9,40.6,11.7,175.9,
12/29/25 6:32:04 PM,67.6,28.8,40.5,11.7,175.9,
12/29/25 6:32:05 PM,67.5,28.7,40.5,11.8,175.9,
12/29/25 6:32:06 PM,67.3,28.6,40.4,11.8,175.9,
12/29/25 6:32:07 PM,67.3,28.6,40.3,11.7,175.9,
12/29/25 6:32:08 PM,67.2,28.5,40.2,11.7,175.9,
12/29/25 6:32:09 PM,67.0,28.4,40.2,11.8,175.9,
12/29/25 6:32:10 PM,67.0,28.4,40.1,11.7,175.9,
12/29/25 6:32:11 PM,66.9,28.3,40.0,11.7,175.9,
12/29/25 6:32:12 PM,66.9,28.3,40.0,11.7,175.9,
12/29/25 6:32:13 PM,66.8,28.3,39.9,11.6,175.9,
12/29/25 6:32:14 PM,66.7,28.2,39.9,11.7,175.9,
12/29/25 6:32:15 PM,66.7,28.2,39.8,11.6,175.9,
12/29/25 6:32:16 PM,66.7,28.2,39.7,11.5,175.9,
12/29/25 6:32:17 PM,66.7,28.2,39.7,11.5,175.9,
12/29/25 6:32:18 PM,66.6,28.1,39.6,11.5,175.8,
12/29/25 6:32:19 PM,66.6,28.1,39.6,11.5,175.8,
12/29/25 6:32:20 PM,66.6,28.1,39.6,11.5,175.8,
12/29/25 6:32:21 PM,66.6,28.1,39.5,11.4,175.8,
12/29/25 6:32:22 PM,66.5,28.1,39.5,11.4,175.8,
12/29/25 6:32:23 PM,66.5,28.1,39.4,11.3,175.7,
12/29/25 6:32:24 PM,66.5,28.1,39.4,11.3,175.7,
12/29/25 6:32:25 PM,66.5,28.1,39.4,11.3,175.7,
12/29/25 6:32:26 PM,66.5,28.1,39.4,11.3,175.7,
12/29/25 6:32:27 PM,66.5,28.1,39.4,11.3,175.7,
12/29/25 6:32:28 PM,66.4,28.0,39.4,11.4,175.7,
12/29/25 6:32:29 PM,66.4,28.0,39.4,11.4,175.7,
12/29/25 6:32:30 PM,66.4,28.0,39.3,11.3,175.6,
12/29/25 6:32:31 PM,66.5,28.1,39.3,11.2,175.6,
12/29/25 6:32:32 PM,66.4,28.0,39.3,11.3,175.6,
12/29/25 6:32:33 PM,66.5,28.1,39.4,11.3,175.6,
12/29/25 6:32:34 PM,66.5,28.1,39.4,11.3,175.6,
12/29/25 6:32:35 PM,66.5,28.1,39.4,11.3,175.6,
12/29/25 6:32:36 PM,66.5,28.1,39.4,11.3,175.6,
12/29/25 6:32:37 PM,66.5,28.1,39.4,11.3,175.6,
12/29/25 6:32:38 PM,66.5,28.1,39.4,11.3,175.6,
12/29/25 6:32:39 PM,66.5,28.1,39.4,11.3,175.6,
12/29/25 6:32:40 PM,66.5,28.1,39.5,11.4,175.6,
12/29/25 6:32:41 PM,66.5,28.1,39.5,11.4,175.6,
12/29/25 6:32:42 PM,66.5,28.1,39.5,11.4,175.6,
12/29/25 6:32:43 PM,66.5,28.1,39.6,11.5,175.7,
12/29/25 6:32:44 PM,66.6,28.1,39.6,11.5,175.7,
12/29/25 6:32:45 PM,66.6,28.1,39.6,11.5,175.7,
12/29/25 6:32:46 PM,66.6,28.1,39.7,11.6,175.7,
12/29/25 6:32:47 PM,66.7,28.2,39.7,11.5,175.7,
12/29/25 6:32:48 PM,66.7,28.2,39.7,11.5,175.7,
12/29/25 6:32:49 PM,66.7,28.2,39.8,11.6,175.7,
12/29/25 6:32:50 PM,66.7,28.2,39.8,11.6,175.7,
12/29/25 6:32:51 PM,66.7,28.2,39.8,11.6,175.7,
12/29/25 6:32:52 PM,66.7,28.2,39.9,11.7,175.7,
12/29/25 6:32:53 PM,66.8,28.3,39.9,11.6,175.7,
12/29/25 6:32:54 PM,66.8,28.3,39.9,11.6,175.8,
12/29/25 6:32:55 PM,66.9,28.3,40.0,11.7,175.8,
12/29/25 6:32:56 PM,66.9,28.3,40.0,11.7,175.8,
12/29/25 6:32:57 PM,67.0,28.4,40.1,11.7,175.8,
12/29/25 6:32:58 PM,67.0,28.4,40.1,11.7,175.8,
12/29/25 6:32:59 PM,67.0,28.4,40.1,11.7,175.8,
12/29/25 6:33:00 PM,67.1,28.5,40.2,11.7,175.8,
12/29/25 6:33:01 PM,67.1,28.5,40.2,11.7,175.9,
12/29/25 6:33:02 PM,67.2,28.5,40.3,11.8,175.9,
12/29/25 6:33:03 PM,67.2,28.5,40.3,11.8,175.9,
12/29/25 6:33:04 PM,67.3,28.6,40.3,11.7,175.9,
12/29/25 6:33:05 PM,67.3,28.6,40.4,11.8,175.9,
12/29/25 6:33:06 PM,67.4,28.7,40.4,11.7,175.9,
12/29/25 6:33:07 PM,67.4,28.7,40.5,11.8,175.9,
12/29/25 6:33:08 PM,67.4,28.7,40.5,11.8,176.0,
12/29/25 6:33:09 PM,67.5,28.7,40.5,11.8,176.0,
12/29/25 6:33:10 PM,67.5,28.7,40.6,11.9,176.0,
12/29/25 6:33:11 PM,67.5,28.7,40.6,11.9,176.0,
12/29/25 6:33:12 PM,67.6,28.7,40.6,11.9,176.0,
12/29/25 6:33:13 PM,67.6,28.8,40.7,11.9,176.0,
12/29/25 6:33:14 PM,67.6,28.8,40.7,11.9,176.0,
12/29/25 6:33:15 PM,67.7,28.9,40.8,11.9,176.0,
12/29/25 6:33:16 PM,67.8,28.9,40.8,11.9,176.1,
12/29/25 6:33:17 PM,67.8,28.9,40.8,11.9,176.1,
12/29/25 6:33:18 PM,67.8,28.9,40.8,11.9,176.1,
12/29/25 6:33:19 PM,67.9,29.0,40.9,11.9,176.1,
12/29/25 6:33:20 PM,67.9,29.0,40.9,11.9,176.1,
12/29/25 6:33:21 PM,67.9,29.0,40.9,11.9,176.1,
12/29/25 6:33:22 PM,68.0,29.1,41.0,11.9,176.1,
12/29/25 6:33:23 PM,68.1,29.1,41.0,11.9,176.2,
12/29/25 6:33:24 PM,68.1,29.1,41.0,11.9,176.2,
12/29/25 6:33:25 PM,68.2,29.1,41.0,11.9,176.2,
12/29/25 6:33:26 PM,68.2,29.2,41.1,11.9,176.2,
12/29/25 6:33:27 PM,68.2,29.2,41.1,11.9,176.2,
12/29/25 6:33:28 PM,68.3,29.3,41.1,11.8,176.2,
12/29/25 6:33:29 PM,68.3,29.3,41.1,11.8,176.2,
12/29/25 6:33:30 PM,68.3,29.3,41.1,11.8,176.3,
12/29/25 6:33:31 PM,68.3,29.3,41.1,11.8,176.3,
12/29/25 6:33:32 PM,68.4,29.3,41.1,11.8,176.3,
12/29/25 6:33:33 PM,68.4,29.3,41.1,11.8,176.3,
12/29/25 6:33:34 PM,68.5,29.4,41.1,11.7,176.3,
12/29/25 6:33:35 PM,68.5,29.4,41.1,11.7,176.3,
12/29/25 6:33:36 PM,68.5,29.4,41.1,11.7,176.3,
12/29/25 6:33:37 PM,68.6,29.5,41.1,11.6,176.3,
12/29/25 6:33:38 PM,68.6,29.5,41.1,11.6,176.3,
12/29/25 6:33:39 PM,68.6,29.5,41.1,11.6,176.3,
12/29/25 6:33:40 PM,68.6,29.5,41.1,11.6,176.3,
12/29/25 6:33:41 PM,68.6,29.5,41.1,11.6,176.3,
12/29/25 6:33:42 PM,68.6,29.5,41.1,11.6,176.3,
12/29/25 6:33:43 PM,68.6,29.5,41.1,11.6,176.3,
12/29/25 6:33:44 PM,68.6,29.5,41.0,11.5,176.3,
12/29/25 6:33:45 PM,68.7,29.5,41.0,11.5,176.3,
12/29/25 6:33:46 PM,68.7,29.5,41.0,11.5,176.3,
12/29/25 6:33:47 PM,68.6,29.5,41.0,11.5,176.3,
12/29/25 6:33:48 PM,68.7,29.5,40.9,11.4,176.3,
12/29/25 6:33:49 PM,68.7,29.5,40.9,11.4,176.3,
12/29/25 6:33:50 PM,68.6,29.5,40.9,11.4,176.3,
12/29/25 6:33:51 PM,68.7,29.5,40.9,11.4,176.3,
12/29/25 6:33:52 PM,68.7,29.5,40.8,11.3,176.3,
12/29/25 6:33:53 PM,68.6,29.5,40.8,11.3,176.3,
12/29/25 6:33:54 PM,68.7,29.5,40.8,11.3,176.3,
12/29/25 6:33:55 PM,68.7,29.5,40.7,11.2,176.3,
12/29/25 6:33:56 PM,68.7,29.5,40.7,11.2,176.3,
12/29/25 6:33:57 PM,68.6,29.5,40.7,11.2,176.3,
12/29/25 6:33:58 PM,68.6,29.5,40.7,11.2,176.3,
12/29/25 6:33:59 PM,68.6,29.5,40.6,11.1,176.3,
12/29/25 6:34:00 PM,68.6,29.5,40.6,11.1,176.4,
12/29/25 6:34:01 PM,68.6,29.5,40.5,11.0,176.4,
12/29/25 6:34:02 PM,68.5,29.4,40.5,11.1,176.4,
12/29/25 6:34:03 PM,68.5,29.4,40.5,11.1,176.4,
12/29/25 6:34:04 PM,68.5,29.4,40.4,11.0,176.4,
12/29/25 6:34:05 PM,68.5,29.4,40.4,11.0,176.4,
12/29/25 6:34:06 PM,68.5,29.4,40.4,11.0,176.4,
12/29/25 6:34:07 PM,68.5,29.4,40.3,10.9,176.4,
12/29/25 6:34:08 PM,68.5,29.4,40.3,10.9,176.4,
12/29/25 6:34:09 PM,68.5,29.4,40.2,10.8,176.3,
12/29/25 6:34:10 PM,68.5,29.4,40.2,10.8,176.3,
12/29/25 6:34:11 PM,68.5,29.4,40.1,10.7,176.3,
12/29/25 6:34:12 PM,68.5,29.4,40.0,10.6,176.3,
12/29/25 6:34:13 PM,68.5,29.4,39.9,10.5,176.3,
12/29/25 6:34:14 PM,68.5,29.4,39.9,10.5,176.3,
12/29/25 6:34:15 PM,68.5,29.4,39.8,10.4,176.3,
12/29/25 6:34:16 PM,68.4,29.3,39.7,10.4,176.3,
12/29/25 6:34:17 PM,68.5,29.4,39.6,10.2,176.3,
12/29/25 6:34:18 PM,68.4,29.3,39.5,10.2,176.3,
12/29/25 6:34:19 PM,68.4,29.3,39.4,10.1,176.3,
12/29/25 6:34:20 PM,68.3,29.3,39.3,10.0,176.3,
12/29/25 6:34:21 PM,68.3,29.2,39.3,10.1,176.3,
12/29/25 6:34:22 PM,68.2,29.2,39.2,10.0,176.3,
12/29/25 6:34:23 PM,68.1,29.1,39.1,10.0,176.3,
12/29/25 6:34:24 PM,68.0,29.1,39.0,9.9,176.2,
12/29/25 6:34:25 PM,67.9,29.0,38.9,9.9,176.2,
12/29/25 6:34:26 PM,67.7,28.9,38.9,10.0,176.2,
12/29/25 6:34:27 PM,67.4,28.7,38.8,10.1,176.2,
12/29/25 6:34:28 PM,67.1,28.5,38.7,10.2,176.2,
12/29/25 6:34:29 PM,66.8,28.3,38.7,10.4,176.2,
12/29/25 6:34:30 PM,66.5,28.1,38.6,10.5,176.2,
12/29/25 6:34:31 PM,66.2,27.8,38.5,10.7,176.2,
12/29/25 6:34:32 PM,65.9,27.6,38.5,10.9,176.2,
12/29/25 6:34:33 PM,65.7,27.5,38.4,10.9,176.2,
12/29/25 6:34:34 PM,65.5,27.4,38.3,10.9,176.2,
12/29/25 6:34:35 PM,65.3,27.2,38.2,11.0,176.2,
12/29/25 6:34:36 PM,65.1,27.1,38.1,11.0,176.2,
12/29/25 6:34:37 PM,65.0,27.0,38.1,11.1,176.2,
12/29/25 6:34:38 PM,64.8,26.9,38.0,11.1,176.1,
12/29/25 6:34:39 PM,64.6,26.7,37.9,11.2,176.1,
12/29/25 6:34:40 PM,64.3,26.5,37.8,11.3,176.1,
12/29/25 6:34:41 PM,64.1,26.4,37.7,11.3,176.1,
12/29/25 6:34:42 PM,63.8,26.2,37.7,11.5,176.1,
12/29/25 6:34:43 PM,63.6,26.0,37.6,11.6,176.0,
12/29/25 6:34:44 PM,63.4,25.9,37.5,11.6,176.0,
12/29/25 6:34:45 PM,63.3,25.8,37.4,11.6,176.0,
12/29/25 6:34:46 PM,63.2,25.8,37.3,11.5,176.0,
12/29/25 6:34:47 PM,63.1,25.7,37.2,11.5,176.0,
12/29/25 6:34:48 PM,63.0,25.6,37.2,11.6,175.9,
12/29/25 6:34:49 PM,62.9,25.6,37.1,11.5,175.9,
12/29/25 6:34:50 PM,62.9,25.6,37.0,11.4,175.9,
12/29/25 6:34:51 PM,62.9,25.6,36.9,11.3,175.8,
12/29/25 6:34:52 PM,62.9,25.6,36.8,11.2,175.8,
12/29/25 6:34:53 PM,62.9,25.6,36.8,11.2,175.8,
12/29/25 6:34:54 PM,62.9,25.6,36.7,11.1,175.7,
12/29/25 6:34:55 PM,62.9,25.6,36.6,11.0,175.7,
12/29/25 6:34:56 PM,62.9,25.6,36.6,11.0,175.7,
12/29/25 6:34:57 PM,62.9,25.6,36.5,10.9,175.6,
12/29/25 6:34:58 PM,62.9,25.6,36.5,10.9,175.6,
12/29/25 6:34:59 PM,62.9,25.6,36.5,10.9,175.6,
12/29/25 6:35:00 PM,62.9,25.6,36.4,10.8,175.5,
12/29/25 6:35:01 PM,62.9,25.6,36.4,10.8,175.5,
12/29/25 6:35:02 PM,62.9,25.6,36.4,10.8,175.5,
12/29/25 6:35:03 PM,62.9,25.6,36.3,10.7,175.4,
12/29/25 6:35:04 PM,62.9,25.6,36.3,10.7,175.4,
12/29/25 6:35:05 PM,62.9,25.6,36.3,10.7,175.4,
12/29/25 6:35:06 PM,62.8,25.5,36.3,10.8,175.3,
12/29/25 6:35:07 PM,62.8,25.5,36.3,10.8,175.3,
12/29/25 6:35:08 PM,62.9,25.6,36.3,10.7,175.3,
12/29/25 6:35:09 PM,62.9,25.6,36.3,10.7,175.2,
12/29/25 6:35:10 PM,63.0,25.6,36.3,10.7,175.2,
12/29/25 6:35:11 PM,63.0,25.6,36.3,10.7,175.1,
12/29/25 6:35:12 PM,63.1,25.7,36.3,10.6,175.1,
12/29/25 6:35:13 PM,63.1,25.7,36.3,10.6,175.1,
12/29/25 6:35:14 PM,63.0,25.6,36.3,10.7,175.1,
12/29/25 6:35:15 PM,63.1,25.7,36.3,10.6,175.0,
12/29/25 6:35:16 PM,63.1,25.7,36.3,10.6,175.0,
12/29/25 6:35:17 PM,63.2,25.8,36.3,10.5,175.0,
12/29/25 6:35:18 PM,63.2,25.8,36.3,10.5,175.0,
12/29/25 6:35:19 PM,63.3,25.8,36.4,10.6,174.9,
12/29/25 6:35:20 PM,63.3,25.8,36.4,10.6,174.9,
12/29/25 6:35:21 PM,63.3,25.8,36.4,10.6,174.9,
12/29/25 6:35:22 PM,63.4,25.9,36.4,10.5,174.9,
12/29/25 6:35:23 PM,63.4,25.9,36.5,10.6,174.9,
12/29/25 6:35:24 PM,63.5,26.0,36.5,10.5,174.9,
12/29/25 6:35:25 PM,63.5,26.0,36.5,10.5,174.9,
12/29/25 6:35:26 PM,63.5,26.0,36.5,10.5,174.9,
12/29/25 6:35:27 PM,63.5,26.0,36.6,10.6,174.8,
12/29/25 6:35:28 PM,63.6,26.0,36.6,10.6,174.8,
12/29/25 6:35:29 PM,63.6,26.0,36.6,10.6,174.8,
12/29/25 6:35:30 PM,63.7,26.1,36.7,10.6,174.8,
12/29/25 6:35:31 PM,63.7,26.1,36.7,10.6,174.8,
12/29/25 6:35:32 PM,63.7,26.1,36.7,10.6,174.8,
12/29/25 6:35:33 PM,63.8,26.2,36.8,10.6,174.7,
12/29/25 6:35:34 PM,63.8,26.2,36.8,10.6,174.7,
12/29/25 6:35:35 PM,63.9,26.3,36.8,10.5,174.7,
12/29/25 6:35:36 PM,64.0,26.3,36.8,10.5,174.7,
12/29/25 6:35:37 PM,64.0,26.3,36.9,10.6,174.7,
12/29/25 6:35:38 PM,64.1,26.4,36.9,10.5,174.6,
12/29/25 6:35:39 PM,64.1,26.4,36.9,10.5,174.6,
12/29/25 6:35:40 PM,64.1,26.4,37.0,10.6,174.6,
12/29/25 6:35:41 PM,64.1,26.4,37.0,10.6,174.6,
12/29/25 6:35:42 PM,64.1,26.4,37.0,10.6,174.6,
12/29/25 6:35:43 PM,64.2,26.5,37.1,10.6,174.6,
12/29/25 6:35:44 PM,64.3,26.5,37.1,10.6,174.6,
12/29/25 6:35:45 PM,64.4,26.6,37.2,10.6,174.6,
12/29/25 6:35:46 PM,64.4,26.6,37.2,10.6,174.6,
12/29/25 6:35:47 PM,64.5,26.7,37.2,10.5,174.6,
12/29/25 6:35:48 PM,64.5,26.7,37.3,10.6,174.6,
12/29/25 6:35:49 PM,64.5,26.7,37.3,10.6,174.6,
12/29/25 6:35:50 PM,64.6,26.7,37.3,10.6,174.6,
12/29/25 6:35:51 PM,64.6,26.7,37.3,10.6,174.6,
12/29/25 6:35:52 PM,64.7,26.8,37.4,10.6,174.6,
12/29/25 6:35:53 PM,64.7,26.8,37.4,10.6,174.5,
12/29/25 6:35:54 PM,64.7,26.8,37.4,10.6,174.5,
12/29/25 6:35:55 PM,64.8,26.9,37.5,10.6,174.5,
12/29/25 6:35:56 PM,64.9,27.0,37.5,10.5,174.5,
12/29/25 6:35:57 PM,64.9,27.0,37.5,10.5,174.6,
12/29/25 6:35:58 PM,65.0,27.0,37.6,10.6,174.6,
12/29/25 6:35:59 PM,65.0,27.0,37.6,10.6,174.6,
12/29/25 6:36:00 PM,65.0,27.0,37.6,10.6,174.6,
12/29/25 6:36:01 PM,65.1,27.1,37.6,10.5,174.6,
12/29/25 6:36:02 PM,65.2,27.2,37.6,10.4,174.6,
12/29/25 6:36:03 PM,65.2,27.2,37.7,10.5,174.6,
12/29/25 6:36:04 PM,65.3,27.2,37.7,10.5,174.6,
12/29/25 6:36:05 PM,65.3,27.2,37.7,10.5,174.6,
12/29/25 6:36:06 PM,65.3,27.2,37.7,10.5,174.6,
12/29/25 6:36:07 PM,65.3,27.2,37.7,10.5,174.6,
12/29/25 6:36:08 PM,65.3,27.2,37.7,10.5,174.6,
12/29/25 6:36:09 PM,65.3,27.2,37.7,10.5,174.6,
12/29/25 6:36:10 PM,65.3,27.2,37.7,10.5,174.7,
12/29/25 6:36:11 PM,65.4,27.3,37.8,10.5,174.7,
12/29/25 6:36:12 PM,65.4,27.3,37.8,10.5,174.7,
12/29/25 6:36:13 PM,65.4,27.3,37.8,10.5,174.7,
12/29/25 6:36:14 PM,65.5,27.4,37.8,10.4,174.7,
12/29/25 6:36:15 PM,65.5,27.4,37.8,10.4,174.7,
12/29/25 6:36:16 PM,65.5,27.4,37.8,10.4,174.7,
12/29/25 6:36:17 PM,65.5,27.4,37.8,10.4,174.7,
12/29/25 6:36:18 PM,65.5,27.4,37.8,10.4,174.7,
12/29/25 6:36:19 PM,65.5,27.4,37.8,10.4,174.7,
12/29/25 6:36:20 PM,65.6,27.4,37.8,10.4,174.7,
12/29/25 6:36:21 PM,65.6,27.4,37.7,10.3,174.7,
12/29/25 6:36:22 PM,65.6,27.4,37.7,10.3,174.7,
12/29/25 6:36:23 PM,65.6,27.4,37.7,10.3,174.7,
12/29/25 6:36:24 PM,65.6,27.4,37.7,10.3,174.7,
12/29/25 6:36:25 PM,65.6,27.4,37.7,10.3,174.7,
12/29/25 6:36:26 PM,65.6,27.4,37.7,10.3,174.7,
12/29/25 6:36:27 PM,65.6,27.4,37.7,10.3,174.7,
12/29/25 6:36:28 PM,65.6,27.4,37.7,10.3,174.7,
12/29/25 6:36:29 PM,65.6,27.4,37.7,10.3,174.7,
12/29/25 6:36:30 PM,65.6,27.4,37.7,10.3,174.7,
12/29/25 6:36:31 PM,65.6,27.4,37.7,10.3,174.7,
12/29/25 6:36:32 PM,65.6,27.4,37.6,10.2,174.7,
12/29/25 6:36:33 PM,65.6,27.4,37.6,10.2,174.7,
12/29/25 6:36:34 PM,65.6,27.4,37.6,10.2,174.7,
12/29/25 6:36:35 PM,65.7,27.4,37.6,10.2,174.7,
12/29/25 6:36:36 PM,65.6,27.4,37.6,10.2,174.7,
12/29/25 6:36:37 PM,65.7,27.5,37.5,10.0,174.7,
12/29/25 6:36:38 PM,65.7,27.4,37.5,10.1,174.7,
12/29/25 6:36:39 PM,65.6,27.4,37.5,10.1,174.8,
12/29/25 6:36:40 PM,65.7,27.5,37.5,10.0,174.8,
12/29/25 6:36:41 PM,65.7,27.5,37.4,9.9,174.8,
12/29/25 6:36:42 PM,65.7,27.5,37.4,9.9,174.8,
12/29/25 6:36:43 PM,65.7,27.5,37.3,9.8,174.8,
12/29/25 6:36:44 PM,65.7,27.5,37.3,9.8,174.8,
12/29/25 6:36:45 PM,65.7,27.5,37.2,9.7,174.8,
12/29/25 6:36:46 PM,65.7,27.5,37.2,9.7,174.8,
12/29/25 6:36:47 PM,65.7,27.5,37.1,9.6,174.8,
12/29/25 6:36:48 PM,65.7,27.5,37.0,9.5,174.8,
12/29/25 6:36:49 PM,65.7,27.5,36.9,9.4,174.8,
12/29/25 6:36:50 PM,65.7,27.5,36.8,9.3,174.8,
12/29/25 6:36:51 PM,65.7,27.5,36.7,9.2,174.8,
12/29/25 6:36:52 PM,65.7,27.5,36.6,9.1,174.8,
12/29/25 6:36:53 PM,65.6,27.4,36.6,9.2,174.8,
12/29/25 6:36:54 PM,65.6,27.4,36.5,9.1,174.8,
12/29/25 6:36:55 PM,65.5,27.4,36.4,9.0,174.8,
12/29/25 6:36:56 PM,65.4,27.3,36.3,9.0,174.8,
12/29/25 6:36:57 PM,65.3,27.2,36.3,9.1,174.8,
12/29/25 6:36:58 PM,65.1,27.1,36.2,9.1,174.8,
12/29/25 6:36:59 PM,64.9,26.9,36.2,9.3,174.8,
12/29/25 6:37:00 PM,64.6,26.7,36.1,9.4,174.8,
12/29/25 6:37:01 PM,64.4,26.5,36.0,9.5,174.8,
12/29/25 6:37:02 PM,64.1,26.4,36.0,9.6,174.8,
12/29/25 6:37:03 PM,63.9,26.3,35.9,9.6,174.8,
12/29/25 6:37:04 PM,63.7,26.0,35.9,9.9,174.8,
12/29/25 6:37:05 PM,63.4,25.9,35.8,9.9,174.8,
12/29/25 6:37:06 PM,63.2,25.8,35.7,9.9,174.8,
12/29/25 6:37:07 PM,63.0,25.6,35.7,10.1,174.8,
12/29/25 6:37:08 PM,62.7,25.4,35.6,10.2,174.8,
12/29/25 6:37:09 PM,62.5,25.3,35.6,10.3,174.8,
12/29/25 6:37:10 PM,62.3,25.1,35.5,10.4,174.8,
12/29/25 6:37:11 PM,62.1,25.0,35.4,10.4,174.7,
12/29/25 6:37:12 PM,61.9,24.8,35.4,10.6,174.7,
12/29/25 6:37:13 PM,61.6,24.6,35.3,10.7,174.7,
12/29/25 6:37:14 PM,61.4,24.5,35.2,10.7,174.7,
12/29/25 6:37:15 PM,61.0,24.2,35.2,11.0,174.7,
12/29/25 6:37:16 PM,60.8,24.1,35.1,11.0,174.6,
12/29/25 6:37:17 PM,60.7,24.0,35.0,11.0,174.6,
12/29/25 6:37:18 PM,60.5,23.8,34.9,11.1,174.6,
12/29/25 6:37:19 PM,60.4,23.8,34.9,11.1,174.6,
12/29/25 6:37:20 PM,60.3,23.7,34.8,11.1,174.5,
12/29/25 6:37:21 PM,60.2,23.6,34.7,11.1,174.5,
12/29/25 6:37:22 PM,60.1,23.5,34.7,11.2,174.5,
12/29/25 6:37:23 PM,60.1,23.5,34.6,11.1,174.4,
12/29/25 6:37:24 PM,60.0,23.5,34.5,11.0,174.4,
12/29/25 6:37:25 PM,60.0,23.5,34.5,11.0,174.3,
12/29/25 6:37:26 PM,60.0,23.5,34.4,10.9,174.3,
12/29/25 6:37:27 PM,60.0,23.5,34.3,10.8,174.2,
12/29/25 6:37:28 PM,60.1,23.5,34.3,10.8,174.2,
12/29/25 6:37:29 PM,60.0,23.5,34.2,10.7,174.2,
12/29/25 6:37:30 PM,60.1,23.5,34.1,10.6,174.1,
12/29/25 6:37:31 PM,60.1,23.5,34.1,10.6,174.1,
12/29/25 6:37:32 PM,60.1,23.5,34.0,10.5,174.0,
12/29/25 6:37:33 PM,60.2,23.6,34.0,10.4,174.0,
12/29/25 6:37:34 PM,60.2,23.6,34.0,10.4,173.9,
12/29/25 6:37:35 PM,60.2,23.6,33.9,10.3,173.9,
12/29/25 6:37:36 PM,60.2,23.6,33.9,10.3,173.9,
12/29/25 6:37:37 PM,60.2,23.6,33.8,10.2,173.8,
12/29/25 6:37:38 PM,60.2,23.6,33.8,10.2,173.8,
12/29/25 6:37:39 PM,60.2,23.6,33.8,10.2,173.7,
12/29/25 6:37:40 PM,60.3,23.7,33.8,10.1,173.7,
12/29/25 6:37:41 PM,60.3,23.7,33.8,10.1,173.6,
12/29/25 6:37:42 PM,60.3,23.7,33.8,10.1,173.6,
12/29/25 6:37:43 PM,60.4,23.8,33.8,10.0,173.5,
12/29/25 6:37:44 PM,60.4,23.8,33.8,10.0,173.5,
12/29/25 6:37:45 PM,60.4,23.8,33.8,10.0,173.5,
12/29/25 6:37:46 PM,60.5,23.8,33.8,10.0,173.5,
12/29/25 6:37:47 PM,60.5,23.8,33.8,10.0,173.4,
12/29/25 6:37:48 PM,60.6,23.9,33.8,9.9,173.4,
12/29/25 6:37:49 PM,60.6,23.9,33.8,9.9,173.3,
12/29/25 6:37:50 PM,60.6,23.9,33.8,9.9,173.3,
12/29/25 6:37:51 PM,60.6,23.9,33.8,9.9,173.3,
12/29/25 6:37:52 PM,60.7,24.0,33.8,9.8,173.3,
12/29/25 6:37:53 PM,60.7,24.0,33.8,9.8,173.2,
12/29/25 6:37:54 PM,60.9,24.1,33.9,9.8,173.2,
12/29/25 6:37:55 PM,60.9,24.1,33.9,9.8,173.2,
12/29/25 6:37:56 PM,60.9,24.1,33.9,9.8,173.2,
12/29/25 6:37:57 PM,60.9,24.1,33.9,9.8,173.2,
12/29/25 6:37:58 PM,61.0,24.2,33.9,9.7,173.2,
12/29/25 6:37:59 PM,61.0,24.2,34.0,9.8,173.1,
12/29/25 6:38:00 PM,61.1,24.3,34.0,9.7,173.1,
12/29/25 6:38:01 PM,61.1,24.3,34.0,9.7,173.1,
12/29/25 6:38:02 PM,61.2,24.3,34.0,9.7,173.1,
12/29/25 6:38:03 PM,61.3,24.4,34.1,9.7,173.1,
12/29/25 6:38:04 PM,61.4,24.5,34.1,9.6,173.1,
12/29/25 6:38:05 PM,61.4,24.5,34.1,9.6,173.1,
12/29/25 6:38:06 PM,61.4,24.5,34.2,9.7,173.1,
12/29/25 6:38:07 PM,61.5,24.6,34.2,9.6,173.1,
12/29/25 6:38:08 PM,61.5,24.6,34.2,9.6,173.1,
12/29/25 6:38:09 PM,61.6,24.6,34.3,9.7,173.1,
12/29/25 6:38:10 PM,61.6,24.6,34.3,9.7,173.1,
12/29/25 6:38:11 PM,61.7,24.7,34.3,9.6,173.1,
12/29/25 6:38:12 PM,61.7,24.7,34.4,9.7,173.1,
12/29/25 6:38:13 PM,61.7,24.7,34.4,9.7,173.1,
12/29/25 6:38:14 PM,61.7,24.7,34.4,9.7,173.1,
12/29/25 6:38:15 PM,61.8,24.8,34.5,9.7,173.1,
12/29/25 6:38:16 PM,61.9,24.8,34.5,9.7,173.1,
12/29/25 6:38:17 PM,61.9,24.8,34.5,9.7,173.1,
12/29/25 6:38:18 PM,61.9,24.8,34.6,9.8,173.1,
12/29/25 6:38:19 PM,61.9,24.8,34.6,9.8,173.1,
12/29/25 6:38:20 PM,62.0,24.9,34.7,9.8,173.1,
12/29/25 6:38:21 PM,62.1,25.0,34.7,9.7,173.1,
12/29/25 6:38:22 PM,62.1,25.0,34.7,9.7,173.1,
12/29/25 6:38:23 PM,62.2,25.1,34.8,9.7,173.1,
12/29/25 6:38:24 PM,62.3,25.1,34.8,9.7,173.1,
12/29/25 6:38:25 PM,62.4,25.2,34.8,9.6,173.1,
12/29/25 6:38:26 PM,62.4,25.2,34.9,9.7,173.1,
12/29/25 6:38:27 PM,62.5,25.3,34.9,9.6,173.1,
12/29/25 6:38:28 PM,62.5,25.3,34.9,9.6,173.2,
12/29/25 6:38:29 PM,62.5,25.3,35.0,9.7,173.2,
12/29/25 6:38:30 PM,62.6,25.3,35.0,9.7,173.2,
12/29/25 6:38:31 PM,62.6,25.3,35.1,9.8,173.2,
12/29/25 6:38:32 PM,62.7,25.4,35.1,9.7,173.2,
12/29/25 6:38:33 PM,62.7,25.4,35.1,9.7,173.2,
12/29/25 6:38:34 PM,62.7,25.4,35.2,9.8,173.2,
12/29/25 6:38:35 PM,62.8,25.5,35.2,9.7,173.2,
12/29/25 6:38:36 PM,62.8,25.5,35.2,9.7,173.2,
12/29/25 6:38:37 PM,62.9,25.6,35.2,9.6,173.2,
12/29/25 6:38:38 PM,62.9,25.6,35.3,9.7,173.2,
12/29/25 6:38:39 PM,63.0,25.6,35.3,9.7,173.2,
12/29/25 6:38:40 PM,63.1,25.7,35.3,9.6,173.2,
12/29/25 6:38:41 PM,63.1,25.7,35.3,9.6,173.2,
12/29/25 6:38:42 PM,63.2,25.8,35.4,9.6,173.2,
12/29/25 6:38:43 PM,63.2,25.8,35.4,9.6,173.2,
12/29/25 6:38:44 PM,63.3,25.8,35.4,9.6,173.2,
12/29/25 6:38:45 PM,63.3,25.8,35.4,9.6,173.2,
12/29/25 6:38:46 PM,63.3,25.8,35.4,9.6,173.2,
12/29/25 6:38:47 PM,63.3,25.8,35.5,9.7,173.3,
12/29/25 6:38:48 PM,63.4,25.9,35.5,9.6,173.3,
12/29/25 6:38:49 PM,63.4,25.9,35.5,9.6,173.3,
12/29/25 6:38:50 PM,63.4,25.9,35.5,9.6,173.3,
12/29/25 6:38:51 PM,63.5,26.0,35.5,9.5,173.3,
12/29/25 6:38:52 PM,63.5,26.0,35.5,9.5,173.3,
12/29/25 6:38:53 PM,63.5,26.0,35.5,9.5,173.3,
12/29/25 6:38:54 PM,63.6,26.0,35.5,9.5,173.3,
12/29/25 6:38:55 PM,63.6,26.0,35.5,9.5,173.3,
12/29/25 6:38:56 PM,63.6,26.0,35.5,9.5,173.4,
12/29/25 6:38:57 PM,63.6,26.0,35.5,9.5,173.4,
12/29/25 6:38:58 PM,63.6,26.0,35.5,9.5,173.4,
12/29/25 6:38:59 PM,63.6,26.0,35.5,9.5,173.4,
12/29/25 6:39:00 PM,63.6,26.0,35.5,9.5,173.4,
12/29/25 6:39:01 PM,63.6,26.0,35.5,9.5,173.4,
12/29/25 6:39:02 PM,63.7,26.1,35.5,9.4,173.4,
12/29/25 6:39:03 PM,63.6,26.0,35.5,9.5,173.4,
12/29/25 6:39:04 PM,63.6,26.0,35.5,9.5,173.4,
12/29/25 6:39:05 PM,63.6,26.0,35.5,9.5,173.4,
12/29/25 6:39:06 PM,63.6,26.0,35.5,9.5,173.4,
12/29/25 6:39:07 PM,63.7,26.1,35.5,9.4,173.4,
12/29/25 6:39:08 PM,63.7,26.1,35.5,9.4,173.4,
12/29/25 6:39:09 PM,63.7,26.1,35.5,9.4,173.4,
12/29/25 6:39:10 PM,63.7,26.1,35.4,9.3,173.4,
12/29/25 6:39:11 PM,63.6,26.0,35.4,9.4,173.4,
12/29/25 6:39:12 PM,63.7,26.1,35.4,9.3,173.4,
12/29/25 6:39:13 PM,63.7,26.1,35.4,9.3,173.4,
12/29/25 6:39:14 PM,63.6,26.0,35.4,9.4,173.4,
12/29/25 6:39:15 PM,63.7,26.1,35.4,9.3,173.4,
12/29/25 6:39:16 PM,63.7,26.1,35.4,9.3,173.4,
12/29/25 6:39:17 PM,63.7,26.1,35.3,9.2,173.4,
12/29/25 6:39:18 PM,63.7,26.1,35.3,9.2,173.4,
12/29/25 6:39:19 PM,63.7,26.1,35.2,9.1,173.4,
12/29/25 6:39:20 PM,63.7,26.1,35.2,9.1,173.4,
12/29/25 6:39:21 PM,63.8,26.2,35.1,8.9,173.4,
12/29/25 6:39:22 PM,63.8,26.2,35.0,8.8,173.4,
12/29/25 6:39:23 PM,63.8,26.2,35.0,8.8,173.4,
12/29/25 6:39:24 PM,63.8,26.2,34.9,8.7,173.4,
12/29/25 6:39:25 PM,63.8,26.2,34.8,8.6,173.4,
12/29/25 6:39:26 PM,63.8,26.2,34.8,8.6,173.4,
12/29/25 6:39:27 PM,63.7,26.1,34.7,8.6,173.4,
12/29/25 6:39:28 PM,63.7,26.1,34.6,8.5,173.4,
12/29/25 6:39:29 PM,63.6,26.0,34.5,8.5,173.4,
12/29/25 6:39:30 PM,63.5,26.0,34.5,8.5,173.4,
12/29/25 6:39:31 PM,63.3,25.8,34.4,8.6,173.4,
12/29/25 6:39:32 PM,63.0,25.6,34.4,8.8,173.4,
12/29/25 6:39:33 PM,62.7,25.4,34.3,8.9,173.4,
12/29/25 6:39:34 PM,62.4,25.2,34.2,9.0,173.4,
12/29/25 6:39:35 PM,62.2,25.1,34.2,9.1,173.4,
12/29/25 6:39:36 PM,61.9,24.8,34.1,9.3,173.3,
12/29/25 6:39:37 PM,61.7,24.7,34.1,9.4,173.3,
12/29/25 6:39:38 PM,61.4,24.5,34.0,9.5,173.3,
12/29/25 6:39:39 PM,61.2,24.3,34.0,9.7,173.3,
12/29/25 6:39:40 PM,61.0,24.2,33.9,9.7,173.3,
12/29/25 6:39:41 PM,60.8,24.1,33.8,9.7,173.3,
12/29/25 6:39:42 PM,60.5,23.8,33.8,10.0,173.3,
12/29/25 6:39:43 PM,60.3,23.7,33.7,10.0,173.3,
12/29/25 6:39:44 PM,60.0,23.5,33.7,10.2,173.3,
12/29/25 6:39:45 PM,59.8,23.3,33.6,10.3,173.3,
12/29/25 6:39:46 PM,59.6,23.2,33.5,10.3,173.3,
12/29/25 6:39:47 PM,59.3,23.0,33.4,10.4,173.3,
12/29/25 6:39:48 PM,59.0,22.7,33.4,10.7,173.2,
12/29/25 6:39:49 PM,58.8,22.5,33.3,10.8,173.2,
12/29/25 6:39:50 PM,58.5,22.4,33.2,10.8,173.2,
12/29/25 6:39:51 PM,58.3,22.2,33.2,11.0,173.2,
12/29/25 6:39:52 PM,58.2,22.2,33.1,10.9,173.1,
12/29/25 6:39:53 PM,58.0,22.0,33.0,11.0,173.1,
12/29/25 6:39:54 PM,57.9,21.9,32.9,11.0,173.1,
12/29/25 6:39:55 PM,57.8,21.9,32.9,11.0,173.0,
12/29/25 6:39:56 PM,57.7,21.8,32.8,11.0,173.0,
12/29/25 6:39:57 PM,57.7,21.8,32.7,10.9,172.9,
12/29/25 6:39:58 PM,57.6,21.7,32.6,10.9,172.9,
12/29/25 6:39:59 PM,57.5,21.6,32.5,10.9,172.9,
12/29/25 6:40:00 PM,57.5,21.6,32.5,10.9,172.8,
12/29/25 6:40:01 PM,57.5,21.6,32.4,10.8,172.8,
12/29/25 6:40:02 PM,57.5,21.6,32.3,10.7,172.7,
12/29/25 6:40:03 PM,57.5,21.6,32.3,10.7,172.7,
12/29/25 6:40:04 PM,57.5,21.6,32.2,10.6,172.6,
12/29/25 6:40:05 PM,57.6,21.7,32.2,10.5,172.6,
12/29/25 6:40:06 PM,57.6,21.7,32.1,10.4,172.5,
12/29/25 6:40:07 PM,57.6,21.7,32.0,10.3,172.5,
12/29/25 6:40:08 PM,57.7,21.8,32.0,10.2,172.4,
12/29/25 6:40:09 PM,57.7,21.8,31.9,10.1,172.4,
12/29/25 6:40:10 PM,57.7,21.8,31.9,10.1,172.4,
12/29/25 6:40:11 PM,57.7,21.8,31.9,10.1,172.3,
12/29/25 6:40:12 PM,57.7,21.8,31.8,10.0,172.3,
12/29/25 6:40:13 PM,57.8,21.9,31.8,9.9,172.2,
12/29/25 6:40:14 PM,57.8,21.9,31.8,9.9,172.2,
12/29/25 6:40:15 PM,57.9,21.9,31.8,9.9,172.1,
12/29/25 6:40:16 PM,57.9,21.9,31.8,9.9,172.1,
12/29/25 6:40:17 PM,58.0,22.0,31.8,9.8,172.1,
12/29/25 6:40:18 PM,58.0,22.0,31.8,9.8,172.0,
12/29/25 6:40:19 PM,58.1,22.1,31.8,9.7,172.0,
12/29/25 6:40:20 PM,58.1,22.1,31.8,9.7,171.9,
12/29/25 6:40:21 PM,58.1,22.1,31.8,9.7,171.9,
12/29/25 6:40:22 PM,58.2,22.2,31.8,9.6,171.8,
12/29/25 6:40:23 PM,58.3,22.2,31.8,9.6,171.8,
12/29/25 6:40:24 PM,58.4,22.3,31.9,9.6,171.8,
12/29/25 6:40:25 PM,58.5,22.3,31.9,9.6,171.7,
12/29/25 6:40:26 PM,58.5,22.4,31.9,9.5,171.7,
12/29/25 6:40:27 PM,58.6,22.4,32.0,9.6,171.7,
12/29/25 6:40:28 PM,58.7,22.5,32.0,9.5,171.7,
12/29/25 6:40:29 PM,58.7,22.5,32.0,9.5,171.7,
12/29/25 6:40:30 PM,58.8,22.6,32.1,9.5,171.7,
12/29/25 6:40:31 PM,58.9,22.7,32.1,9.4,171.6,
12/29/25 6:40:32 PM,58.9,22.7,32.1,9.4,171.6,
12/29/25 6:40:33 PM,59.0,22.7,32.2,9.5,171.6,
12/29/25 6:40:34 PM,59.0,22.7,32.2,9.5,171.6,
12/29/25 6:40:35 PM,59.1,22.8,32.3,9.5,171.6,
12/29/25 6:40:36 PM,59.1,22.8,32.3,9.5,171.5,
12/29/25 6:40:37 PM,59.3,23.0,32.3,9.3,171.5,
12/29/25 6:40:38 PM,59.3,23.0,32.4,9.4,171.5,
12/29/25 6:40:39 PM,59.3,23.0,32.4,9.4,171.5,
12/29/25 6:40:40 PM,59.4,23.0,32.5,9.5,171.5,
12/29/25 6:40:41 PM,59.5,23.1,32.5,9.4,171.5,
12/29/25 6:40:42 PM,59.6,23.2,32.5,9.3,171.5,
12/29/25 6:40:43 PM,59.7,23.3,32.6,9.3,171.5,
12/29/25 6:40:44 PM,59.8,23.3,32.6,9.3,171.5,
12/29/25 6:40:45 PM,59.8,23.3,32.7,9.4,171.4,
12/29/25 6:40:46 PM,59.8,23.3,32.7,9.4,171.4,
12/29/25 6:40:47 PM,59.9,23.4,32.7,9.3,171.4,
12/29/25 6:40:48 PM,59.9,23.4,32.8,9.4,171.4,
12/29/25 6:40:49 PM,60.0,23.5,32.8,9.3,171.4,
12/29/25 6:40:50 PM,60.1,23.5,32.8,9.3,171.4,
12/29/25 6:40:51 PM,60.2,23.5,32.9,9.4,171.4,
12/29/25 6:40:52 PM,60.2,23.6,32.9,9.3,171.5,
12/29/25 6:40:53 PM,60.3,23.7,33.0,9.3,171.5,
12/29/25 6:40:54 PM,60.4,23.7,33.0,9.3,171.5,
12/29/25 6:40:55 PM,60.4,23.8,33.0,9.2,171.5,
12/29/25 6:40:56 PM,60.5,23.8,33.1,9.3,171.5,
12/29/25 6:40:57 PM,60.5,23.8,33.1,9.3,171.5,
12/29/25 6:40:58 PM,60.6,23.9,33.1,9.2,171.5,
12/29/25 6:40:59 PM,60.7,24.0,33.2,9.2,171.5,
12/29/25 6:41:00 PM,60.8,24.1,33.2,9.1,171.5,
12/29/25 6:41:01 PM,60.8,24.1,33.2,9.1,171.5,
12/29/25 6:41:02 PM,60.9,24.1,33.3,9.2,171.5,
12/29/25 6:41:03 PM,60.9,24.1,33.3,9.2,171.5,
12/29/25 6:41:04 PM,61.0,24.2,33.3,9.1,171.5,
12/29/25 6:41:05 PM,61.1,24.3,33.4,9.1,171.6,
12/29/25 6:41:06 PM,61.1,24.3,33.4,9.1,171.6,
12/29/25 6:41:07 PM,61.2,24.3,33.4,9.1,171.6,
12/29/25 6:41:08 PM,61.3,24.4,33.5,9.1,171.6,
12/29/25 6:41:09 PM,61.3,24.4,33.5,9.1,171.6,
12/29/25 6:41:10 PM,61.4,24.5,33.5,9.0,171.6,
12/29/25 6:41:11 PM,61.5,24.6,33.6,9.0,171.6,
12/29/25 6:41:12 PM,61.6,24.6,33.6,9.0,171.7,
12/29/25 6:41:13 PM,61.7,24.7,33.6,8.9,171.7,
12/29/25 6:41:14 PM,61.8,24.8,33.6,8.8,171.7,
12/29/25 6:41:15 PM,61.9,24.8,33.7,8.9,171.7,
12/29/25 6:41:16 PM,62.0,24.9,33.7,8.8,171.7,
12/29/25 6:41:17 PM,62.1,25.0,33.7,8.7,171.7,
12/29/25 6:41:18 PM,62.2,25.1,33.7,8.6,171.8,
12/29/25 6:41:19 PM,62.3,25.1,33.8,8.7,171.8,
12/29/25 6:41:20 PM,62.3,25.1,33.8,8.7,171.8,
12/29/25 6:41:21 PM,62.3,25.1,33.8,8.7,171.8,
12/29/25 6:41:22 PM,62.4,25.2,33.8,8.6,171.8,
12/29/25 6:41:23 PM,62.4,25.2,33.8,8.6,171.8,
12/29/25 6:41:24 PM,62.5,25.3,33.9,8.6,171.8,
12/29/25 6:41:25 PM,62.5,25.3,33.9,8.6,171.9,
12/29/25 6:41:26 PM,62.5,25.3,33.9,8.6,171.9,
12/29/25 6:41:27 PM,62.6,25.3,33.9,8.6,171.9,
12/29/25 6:41:28 PM,62.6,25.3,33.9,8.6,171.9,
12/29/25 6:41:29 PM,62.7,25.4,33.9,8.5,171.9,
12/29/25 6:41:30 PM,62.7,25.4,34.0,8.6,171.9,
12/29/25 6:41:31 PM,62.7,25.4,34.0,8.6,171.9,
12/29/25 6:41:32 PM,62.8,25.5,34.0,8.5,171.9,
12/29/25 6:41:33 PM,62.8,25.5,34.0,8.5,171.9,
12/29/25 6:41:34 PM,62.8,25.5,34.0,8.5,171.9,
12/29/25 6:41:35 PM,62.8,25.5,34.0,8.5,172.0,
12/29/25 6:41:36 PM,62.8,25.5,34.0,8.5,172.0,
12/29/25 6:41:37 PM,62.8,25.5,34.0,8.5,172.0,
12/29/25 6:41:38 PM,62.7,25.4,34.0,8.6,172.0,
12/29/25 6:41:39 PM,62.8,25.5,34.0,8.5,172.0,
12/29/25 6:41:40 PM,62.8,25.5,34.0,8.5,172.0,
12/29/25 6:41:41 PM,62.8,25.5,34.0,8.5,172.0,
12/29/25 6:41:42 PM,62.8,25.5,34.0,8.5,172.0,
12/29/25 6:41:43 PM,62.8,25.5,34.0,8.5,172.1,
12/29/25 6:41:44 PM,62.8,25.5,34.0,8.5,172.1,
12/29/25 6:41:45 PM,62.8,25.5,34.0,8.5,172.1,
12/29/25 6:41:46 PM,62.8,25.5,34.0,8.5,172.1,
12/29/25 6:41:47 PM,62.9,25.6,34.0,8.4,172.1,
12/29/25 6:41:48 PM,62.9,25.6,34.0,8.4,172.1,
12/29/25 6:41:49 PM,62.9,25.6,34.0,8.4,172.1,
12/29/25 6:41:50 PM,62.9,25.6,34.0,8.4,172.1,
12/29/25 6:41:51 PM,62.9,25.6,34.0,8.4,172.1,
12/29/25 6:41:52 PM,62.9,25.6,34.0,8.4,172.1,
12/29/25 6:41:53 PM,62.9,25.6,33.9,8.3,172.2,
12/29/25 6:41:54 PM,62.9,25.6,33.9,8.3,172.2,
12/29/25 6:41:55 PM,62.9,25.6,33.9,8.3,172.2,
12/29/25 6:41:56 PM,62.9,25.6,33.8,8.2,172.2,
12/29/25 6:41:57 PM,62.9,25.6,33.8,8.2,172.2,
12/29/25 6:41:58 PM,62.9,25.6,33.8,8.2,172.2,
12/29/25 6:41:59 PM,62.9,25.6,33.7,8.1,172.2,
12/29/25 6:42:00 PM,62.9,25.6,33.7,8.1,172.2,
12/29/25 6:42:01 PM,62.9,25.6,33.6,8.0,172.2,
12/29/25 6:42:02 PM,62.9,25.6,33.6,8.0,172.2,
12/29/25 6:42:03 PM,62.9,25.6,33.5,7.9,172.2,
12/29/25 6:42:04 PM,62.9,25.6,33.4,7.8,172.2,
12/29/25 6:42:05 PM,63.0,25.6,33.4,7.8,172.2,
12/29/25 6:42:06 PM,62.9,25.6,33.3,7.7,172.2,
12/29/25 6:42:07 PM,62.9,25.6,33.3,7.7,172.2,
12/29/25 6:42:08 PM,62.8,25.5,33.2,7.7,172.2,
12/29/25 6:42:09 PM,62.8,25.5,33.2,7.7,172.2,
12/29/25 6:42:10 PM,62.7,25.4,33.1,7.7,172.2,
12/29/25 6:42:11 PM,62.6,25.3,33.1,7.8,172.2,
12/29/25 6:42:12 PM,62.4,25.2,33.0,7.8,172.2,
12/29/25 6:42:13 PM,62.2,25.1,33.0,7.9,172.2,
12/29/25 6:42:14 PM,62.0,24.9,33.0,8.1,172.3,
12/29/25 6:42:15 PM,61.7,24.7,32.9,8.2,172.3,
12/29/25 6:42:16 PM,61.4,24.5,32.9,8.4,172.3,
12/29/25 6:42:17 PM,61.2,24.3,32.8,8.5,172.3,
12/29/25 6:42:18 PM,60.9,24.1,32.8,8.7,172.3,
12/29/25 6:42:19 PM,60.8,24.1,32.7,8.6,172.3,
12/29/25 6:42:20 PM,60.6,23.9,32.7,8.8,172.3,
12/29/25 6:42:21 PM,60.4,23.8,32.6,8.8,172.2,
12/29/25 6:42:22 PM,60.2,23.6,32.6,9.0,172.2,
12/29/25 6:42:23 PM,60.0,23.5,32.5,9.0,172.2,
12/29/25 6:42:24 PM,59.8,23.3,32.4,9.1,172.2,
12/29/25 6:42:25 PM,59.7,23.3,32.4,9.1,172.2,
12/29/25 6:42:26 PM,59.4,23.0,32.3,9.3,172.2,
12/29/25 6:42:27 PM,59.2,22.9,32.3,9.4,172.2,
12/29/25 6:42:28 PM,59.0,22.7,32.2,9.5,172.2,
12/29/25 6:42:29 PM,58.7,22.5,32.2,9.7,172.1,
12/29/25 6:42:30 PM,58.6,22.4,32.1,9.7,172.1,
12/29/25 6:42:31 PM,58.5,22.4,32.0,9.6,172.1,
12/29/25 6:42:32 PM,58.4,22.3,32.0,9.7,172.1,
12/29/25 6:42:33 PM,58.3,22.2,31.9,9.7,172.0,
12/29/25 6:42:34 PM,58.2,22.2,31.9,9.7,172.0,
12/29/25 6:42:35 PM,58.1,22.1,31.8,9.7,172.0,
12/29/25 6:42:36 PM,58.1,22.1,31.8,9.7,172.0,
12/29/25 6:42:37 PM,58.1,22.1,31.7,9.6,172.0,
12/29/25 6:42:38 PM,58.1,22.0,31.6,9.6,171.9,
12/29/25 6:42:39 PM,58.1,22.0,31.6,9.6,171.9,
12/29/25 6:42:40 PM,58.1,22.1,31.5,9.4,171.9,
12/29/25 6:42:41 PM,58.1,22.1,31.5,9.4,171.8,
12/29/25 6:42:42 PM,58.1,22.1,31.4,9.3,171.8,
12/29/25 6:42:43 PM,58.1,22.1,31.4,9.3,171.8,
12/29/25 6:42:44 PM,58.1,22.1,31.3,9.2,171.7,
12/29/25 6:42:45 PM,58.1,22.1,31.3,9.2,171.7,
12/29/25 6:42:46 PM,58.1,22.1,31.2,9.1,171.7,
12/29/25 6:42:47 PM,58.2,22.2,31.2,9.0,171.6,
12/29/25 6:42:48 PM,58.2,22.2,31.2,9.0,171.6,
12/29/25 6:42:49 PM,58.2,22.2,31.1,8.9,171.5,
12/29/25 6:42:50 PM,58.2,22.2,31.1,8.9,171.5,
12/29/25 6:42:51 PM,58.3,22.2,31.1,8.9,171.5,
12/29/25 6:42:52 PM,58.3,22.2,31.1,8.9,171.4,
12/29/25 6:42:53 PM,58.3,22.2,31.1,8.9,171.4,
12/29/25 6:42:54 PM,58.3,22.2,31.0,8.8,171.4,
12/29/25 6:42:55 PM,58.3,22.2,31.0,8.8,171.3,
12/29/25 6:42:56 PM,58.4,22.2,31.0,8.8,171.3,
12/29/25 6:42:57 PM,58.4,22.3,31.0,8.7,171.3,
12/29/25 6:42:58 PM,58.4,22.3,31.0,8.7,171.2,
12/29/25 6:42:59 PM,58.5,22.4,31.0,8.6,171.2,
12/29/25 6:43:00 PM,58.5,22.4,31.0,8.6,171.2,
12/29/25 6:43:01 PM,58.5,22.4,31.0,8.6,171.2,
12/29/25 6:43:02 PM,58.6,22.4,31.1,8.7,171.2,
12/29/25 6:43:03 PM,58.6,22.4,31.1,8.7,171.1,
12/29/25 6:43:04 PM,58.7,22.5,31.1,8.6,171.1,
12/29/25 6:43:05 PM,58.7,22.5,31.1,8.6,171.1,
12/29/25 6:43:06 PM,58.8,22.6,31.1,8.5,171.1,
12/29/25 6:43:07 PM,58.8,22.6,31.1,8.5,171.1,
12/29/25 6:43:08 PM,58.8,22.6,31.2,8.6,171.1,
12/29/25 6:43:09 PM,58.9,22.7,31.2,8.5,171.1,
12/29/25 6:43:10 PM,59.0,22.7,31.2,8.5,171.1,
12/29/25 6:43:11 PM,59.0,22.7,31.2,8.5,171.1,
12/29/25 6:43:12 PM,59.1,22.8,31.2,8.4,171.0,
12/29/25 6:43:13 PM,59.2,22.9,31.2,8.3,171.0,
12/29/25 6:43:14 PM,59.2,22.9,31.3,8.4,171.1,
12/29/25 6:43:15 PM,59.2,22.9,31.3,8.4,171.0,
12/29/25 6:43:16 PM,59.3,23.0,31.3,8.3,171.0,
12/29/25 6:43:17 PM,59.3,23.0,31.4,8.4,171.0,
12/29/25 6:43:18 PM,59.3,23.0,31.4,8.4,171.0,
12/29/25 6:43:19 PM,59.4,23.0,31.4,8.4,171.0,
12/29/25 6:43:20 PM,59.4,23.0,31.4,8.4,171.0,
12/29/25 6:43:21 PM,59.5,23.0,31.4,8.4,171.0,
12/29/25 6:43:22 PM,59.5,23.1,31.5,8.4,171.0,
12/29/25 6:43:23 PM,59.5,23.1,31.5,8.4,171.0,
12/29/25 6:43:24 PM,59.6,23.2,31.5,8.3,171.0,
12/29/25 6:43:25 PM,59.6,23.2,31.6,8.4,171.0,
12/29/25 6:43:26 PM,59.6,23.2,31.6,8.4,171.0,
12/29/25 6:43:27 PM,59.7,23.3,31.6,8.3,171.0,
12/29/25 6:43:28 PM,59.8,23.3,31.6,8.3,171.0,
12/29/25 6:43:29 PM,59.8,23.3,31.7,8.4,171.0,
12/29/25 6:43:30 PM,59.9,23.4,31.7,8.3,171.0,
12/29/25 6:43:31 PM,59.9,23.4,31.7,8.3,171.0,
12/29/25 6:43:32 PM,59.9,23.4,31.8,8.4,171.0,
12/29/25 6:43:33 PM,60.0,23.5,31.8,8.3,171.0,
12/29/25 6:43:34 PM,60.0,23.5,31.8,8.3,171.0,
12/29/25 6:43:35 PM,60.1,23.5,31.9,8.4,171.0,
12/29/25 6:43:36 PM,60.2,23.6,31.9,8.3,171.0,
12/29/25 6:43:37 PM,60.2,23.6,31.9,8.3,171.0,
12/29/25 6:43:38 PM,60.2,23.6,32.0,8.4,171.1,
12/29/25 6:43:39 PM,60.3,23.7,32.0,8.3,171.1,
12/29/25 6:43:40 PM,60.3,23.7,32.0,8.3,171.0,
12/29/25 6:43:41 PM,60.3,23.7,32.0,8.3,171.0,
12/29/25 6:43:42 PM,60.4,23.8,32.1,8.3,171.0,
12/29/25 6:43:43 PM,60.4,23.8,32.1,8.3,171.1,
12/29/25 6:43:44 PM,60.5,23.8,32.2,8.4,171.1,
12/29/25 6:43:45 PM,60.5,23.8,32.2,8.4,171.1,
12/29/25 6:43:46 PM,60.5,23.8,32.2,8.4,171.1,
12/29/25 6:43:47 PM,60.6,23.9,32.2,8.3,171.1,
12/29/25 6:43:48 PM,60.6,23.9,32.3,8.4,171.1,
12/29/25 6:43:49 PM,60.7,24.0,32.3,8.3,171.1,
12/29/25 6:43:50 PM,60.8,24.1,32.3,8.2,171.1,
12/29/25 6:43:51 PM,60.8,24.1,32.4,8.3,171.1,
12/29/25 6:43:52 PM,60.8,24.1,32.4,8.3,171.1,
12/29/25 6:43:53 PM,60.9,24.1,32.4,8.3,171.1,
12/29/25 6:43:54 PM,60.9,24.1,32.4,8.3,171.1,
12/29/25 6:43:55 PM,60.9,24.1,32.4,8.3,171.2,
12/29/25 6:43:56 PM,61.0,24.2,32.5,8.3,171.2,
12/29/25 6:43:57 PM,61.0,24.2,32.5,8.3,171.2,
12/29/25 6:43:58 PM,61.0,24.2,32.5,8.3,171.2,
12/29/25 6:43:59 PM,61.0,24.2,32.5,8.3,171.2,
12/29/25 6:44:00 PM,61.0,24.2,32.5,8.3,171.2,
12/29/25 6:44:01 PM,61.1,24.3,32.5,8.2,171.2,
12/29/25 6:44:02 PM,61.1,24.3,32.5,8.2,171.2,
12/29/25 6:44:03 PM,61.1,24.3,32.5,8.2,171.2,
12/29/25 6:44:04 PM,61.1,24.3,32.5,8.2,171.2,
12/29/25 6:44:05 PM,61.1,24.3,32.5,8.2,171.2,
12/29/25 6:44:06 PM,61.2,24.3,32.5,8.2,171.2,
12/29/25 6:44:07 PM,61.2,24.3,32.5,8.2,171.3,
12/29/25 6:44:08 PM,61.2,24.3,32.5,8.2,171.3,
12/29/25 6:44:09 PM,61.2,24.3,32.5,8.2,171.3,
12/29/25 6:44:10 PM,61.2,24.3,32.5,8.2,171.3,
12/29/25 6:44:11 PM,61.2,24.3,32.5,8.2,171.3,
12/29/25 6:44:12 PM,61.2,24.3,32.6,8.3,171.3,
12/29/25 6:44:13 PM,61.2,24.3,32.6,8.3,171.3,
12/29/25 6:44:14 PM,61.2,24.3,32.6,8.3,171.3,
12/29/25 6:44:15 PM,61.2,24.3,32.5,8.2,171.3,
12/29/25 6:44:16 PM,61.3,24.3,32.5,8.2,171.3,
12/29/25 6:44:17 PM,61.3,24.4,32.5,8.1,171.3,
12/29/25 6:44:18 PM,61.3,24.4,32.5,8.1,171.3,
12/29/25 6:44:19 PM,61.3,24.4,32.5,8.1,171.3,
12/29/25 6:44:20 PM,61.3,24.4,32.5,8.1,171.4,
12/29/25 6:44:21 PM,61.3,24.4,32.5,8.1,171.4,
12/29/25 6:44:22 PM,61.3,24.4,32.4,8.0,171.4,
12/29/25 6:44:23 PM,61.3,24.4,32.4,8.0,171.4,
12/29/25 6:44:24 PM,61.3,24.4,32.4,8.0,171.4,
12/29/25 6:44:25 PM,61.4,24.5,32.3,7.8,171.4,
12/29/25 6:44:26 PM,61.4,24.5,32.3,7.8,171.4,
12/29/25 6:44:27 PM,61.4,24.5,32.2,7.7,171.4,
12/29/25 6:44:28 PM,61.4,24.5,32.2,7.7,171.4,
12/29/25 6:44:29 PM,61.4,24.5,32.1,7.6,171.4,
12/29/25 6:44:30 PM,61.4,24.5,32.0,7.5,171.4,
12/29/25 6:44:31 PM,61.4,24.5,32.0,7.5,171.4,
12/29/25 6:44:32 PM,61.4,24.5,32.0,7.5,171.4,
12/29/25 6:44:33 PM,61.4,24.5,31.9,7.4,171.4,
12/29/25 6:44:34 PM,61.3,24.4,31.9,7.5,171.4,
12/29/25 6:44:35 PM,61.2,24.3,31.8,7.5,171.4,
12/29/25 6:44:36 PM,61.1,24.3,31.8,7.5,171.4,
12/29/25 6:44:37 PM,60.9,24.1,31.7,7.6,171.4,
12/29/25 6:44:38 PM,60.6,23.9,31.7,7.8,171.4,
12/29/25 6:44:39 PM,60.4,23.8,31.7,7.9,171.4,
12/29/25 6:44:40 PM,60.1,23.5,31.6,8.1,171.4,
12/29/25 6:44:41 PM,59.9,23.4,31.6,8.2,171.4,
12/29/25 6:44:42 PM,59.6,23.2,31.5,8.3,171.4,
12/29/25 6:44:43 PM,59.4,23.0,31.5,8.5,171.4,
12/29/25 6:44:44 PM,59.2,22.9,31.4,8.5,171.4,
12/29/25 6:44:45 PM,59.0,22.7,31.4,8.7,171.4,
12/29/25 6:44:46 PM,58.8,22.6,31.4,8.8,171.4,
12/29/25 6:44:47 PM,58.6,22.4,31.3,8.9,171.4,
12/29/25 6:44:48 PM,58.3,22.2,31.2,9.0,171.4,
12/29/25 6:44:49 PM,58.1,22.1,31.2,9.1,171.4,
12/29/25 6:44:50 PM,57.9,21.9,31.1,9.2,171.4,
12/29/25 6:44:51 PM,57.8,21.9,31.1,9.2,171.4,
12/29/25 6:44:52 PM,57.4,21.6,31.0,9.4,171.4,
12/29/25 6:44:53 PM,57.2,21.4,30.9,9.5,171.4,
12/29/25 6:44:54 PM,57.0,21.3,30.9,9.6,171.4,
12/29/25 6:44:55 PM,56.7,21.0,30.8,9.8,171.3,
12/29/25 6:44:56 PM,56.5,20.9,30.7,9.8,171.3,
12/29/25 6:44:57 PM,56.4,20.8,30.7,9.9,171.3,
12/29/25 6:44:58 PM,56.3,20.7,30.6,9.9,171.3,
12/29/25 6:44:59 PM,56.1,20.6,30.5,9.9,171.2,
12/29/25 6:45:00 PM,56.1,20.6,30.5,9.9,171.2,
12/29/25 6:45:01 PM,56.0,20.5,30.4,9.9,171.2,
12/29/25 6:45:02 PM,56.0,20.5,30.3,9.8,171.2,
12/29/25 6:45:03 PM,55.9,20.4,30.3,9.9,171.1,
12/29/25 6:45:04 PM,55.9,20.4,30.2,9.8,171.1,
12/29/25 6:45:05 PM,55.9,20.4,30.1,9.7,171.0,
12/29/25 6:45:06 PM,55.9,20.4,30.1,9.7,171.0,
12/29/25 6:45:07 PM,56.0,20.5,30.0,9.5,171.0,
12/29/25 6:45:08 PM,55.9,20.4,30.0,9.6,171.0,
12/29/25 6:45:09 PM,55.9,20.4,29.9,9.5,170.9,
12/29/25 6:45:10 PM,56.0,20.5,29.8,9.3,170.9,
12/29/25 6:45:11 PM,56.0,20.5,29.8,9.3,170.9,
12/29/25 6:45:12 PM,56.0,20.5,29.7,9.2,170.8,
12/29/25 6:45:13 PM,56.0,20.5,29.7,9.2,170.8,
12/29/25 6:45:14 PM,56.1,20.6,29.7,9.1,170.8,
12/29/25 6:45:15 PM,56.1,20.6,29.6,9.0,170.7,
12/29/25 6:45:16 PM,56.2,20.7,29.6,8.9,170.7,
12/29/25 6:45:17 PM,56.2,20.7,29.6,8.9,170.6,
12/29/25 6:45:18 PM,56.2,20.7,29.5,8.8,170.6,
12/29/25 6:45:19 PM,56.3,20.7,29.5,8.8,170.6,
12/29/25 6:45:20 PM,56.3,20.7,29.5,8.8,170.5,
12/29/25 6:45:21 PM,56.3,20.7,29.5,8.8,170.5,
12/29/25 6:45:22 PM,56.4,20.8,29.5,8.7,170.5,
12/29/25 6:45:23 PM,56.4,20.8,29.4,8.6,170.4,
12/29/25 6:45:24 PM,56.4,20.8,29.4,8.6,170.4,
12/29/25 6:45:25 PM,56.5,20.9,29.4,8.5,170.3,
12/29/25 6:45:26 PM,56.6,20.9,29.4,8.5,170.3,
12/29/25 6:45:27 PM,56.6,21.0,29.4,8.4,170.3,
12/29/25 6:45:28 PM,56.7,21.0,29.4,8.4,170.3,
12/29/25 6:45:29 PM,56.7,21.0,29.4,8.4,170.2,
12/29/25 6:45:30 PM,56.7,21.0,29.5,8.5,170.2,
12/29/25 6:45:31 PM,56.8,21.1,29.5,8.4,170.2,
12/29/25 6:45:32 PM,56.8,21.1,29.5,8.4,170.2,
12/29/25 6:45:33 PM,56.9,21.2,29.5,8.3,170.1,
12/29/25 6:45:34 PM,56.9,21.2,29.5,8.3,170.1,
12/29/25 6:45:35 PM,57.0,21.3,29.5,8.2,170.1,
12/29/25 6:45:36 PM,57.1,21.3,29.6,8.3,170.1,
12/29/25 6:45:37 PM,57.1,21.3,29.6,8.3,170.0,
12/29/25 6:45:38 PM,57.2,21.4,29.6,8.2,170.0,
12/29/25 6:45:39 PM,57.2,21.4,29.6,8.2,170.0,
12/29/25 6:45:40 PM,57.3,21.5,29.7,8.2,170.0,
12/29/25 6:45:41 PM,57.3,21.5,29.7,8.2,170.0,
12/29/25 6:45:42 PM,57.3,21.5,29.7,8.2,170.0,
12/29/25 6:45:43 PM,57.4,21.6,29.7,8.1,170.0,
12/29/25 6:45:44 PM,57.4,21.6,29.8,8.2,170.0,
12/29/25 6:45:45 PM,57.5,21.6,29.8,8.2,170.0,
12/29/25 6:45:46 PM,57.6,21.7,29.8,8.1,169.9,
12/29/25 6:45:47 PM,57.6,21.7,29.8,8.1,169.9,
12/29/25 6:45:48 PM,57.7,21.8,29.9,8.1,169.9,
12/29/25 6:45:49 PM,57.7,21.8,30.0,8.2,169.9,
12/29/25 6:45:50 PM,57.8,21.8,30.0,8.2,169.9,
12/29/25 6:45:51 PM,57.8,21.9,30.0,8.1,169.9,
12/29/25 6:45:52 PM,57.8,21.9,30.0,8.1,169.9,
12/29/25 6:45:53 PM,57.9,21.9,30.1,8.2,169.9,
12/29/25 6:45:54 PM,58.0,22.0,30.1,8.1,169.9,
12/29/25 6:45:55 PM,58.1,22.1,30.1,8.0,169.9,
12/29/25 6:45:56 PM,58.2,22.2,30.2,8.0,169.9,
12/29/25 6:45:57 PM,58.2,22.2,30.2,8.0,169.9,
12/29/25 6:45:58 PM,58.2,22.2,30.3,8.1,169.9,
12/29/25 6:45:59 PM,58.3,22.2,30.3,8.1,169.9,
12/29/25 6:46:00 PM,58.3,22.2,30.4,8.2,169.9,
12/29/25 6:46:01 PM,58.4,22.3,30.4,8.1,169.9,
12/29/25 6:46:02 PM,58.4,22.3,30.4,8.1,169.9,
12/29/25 6:46:03 PM,58.5,22.4,30.4,8.0,170.0,
12/29/25 6:46:04 PM,58.5,22.4,30.4,8.0,170.0,
12/29/25 6:46:05 PM,58.6,22.4,30.5,8.1,170.0,
12/29/25 6:46:06 PM,58.7,22.5,30.5,8.0,170.0,
12/29/25 6:46:07 PM,58.7,22.5,30.6,8.1,170.0,
12/29/25 6:46:08 PM,58.7,22.5,30.6,8.1,170.0,
12/29/25 6:46:09 PM,58.8,22.6,30.6,8.0,170.0,
12/29/25 6:46:10 PM,58.8,22.6,30.6,8.0,170.0,
12/29/25 6:46:11 PM,58.9,22.7,30.6,7.9,170.0,
12/29/25 6:46:12 PM,58.9,22.7,30.7,8.0,170.0,
12/29/25 6:46:13 PM,59.0,22.7,30.7,8.0,170.0,
12/29/25 6:46:14 PM,59.0,22.7,30.7,8.0,170.0,
12/29/25 6:46:15 PM,59.1,22.8,30.8,8.0,170.0,
12/29/25 6:46:16 PM,59.2,22.8,30.8,8.0,170.1,
12/29/25 6:46:17 PM,59.2,22.9,30.8,7.9,170.1,
12/29/25 6:46:18 PM,59.3,23.0,30.8,7.8,170.1,
12/29/25 6:46:19 PM,59.3,23.0,30.8,7.8,170.1,
12/29/25 6:46:20 PM,59.3,23.0,30.9,7.9,170.1,
12/29/25 6:46:21 PM,59.4,23.0,30.9,7.9,170.1,
12/29/25 6:46:22 PM,59.4,23.0,30.9,7.9,170.1,
12/29/25 6:46:23 PM,59.4,23.0,30.9,7.9,170.1,
12/29/25 6:46:24 PM,59.4,23.0,30.9,7.9,170.1,
12/29/25 6:46:25 PM,59.5,23.1,31.0,7.9,170.1,
12/29/25 6:46:26 PM,59.5,23.1,31.0,7.9,170.1,
12/29/25 6:46:27 PM,59.5,23.1,31.0,7.9,170.1,
12/29/25 6:46:28 PM,59.5,23.1,31.0,7.9,170.2,
12/29/25 6:46:29 PM,59.5,23.1,31.0,7.9,170.2,
12/29/25 6:46:30 PM,59.6,23.2,31.0,7.8,170.2,
12/29/25 6:46:31 PM,59.6,23.2,31.0,7.8,170.2,
12/29/25 6:46:32 PM,59.6,23.2,31.0,7.8,170.2,
12/29/25 6:46:33 PM,59.6,23.2,31.0,7.8,170.2,
12/29/25 6:46:34 PM,59.7,23.3,31.0,7.7,170.2,
12/29/25 6:46:35 PM,59.7,23.3,31.0,7.7,170.3,
12/29/25 6:46:36 PM,59.7,23.3,31.0,7.7,170.3,
12/29/25 6:46:37 PM,59.7,23.3,31.0,7.7,170.3,
12/29/25 6:46:38 PM,59.7,23.3,31.0,7.7,170.3,
12/29/25 6:46:39 PM,59.7,23.3,31.0,7.7,170.3,
12/29/25 6:46:40 PM,59.8,23.3,31.0,7.7,170.3,
12/29/25 6:46:41 PM,59.8,23.3,31.1,7.8,170.3,
12/29/25 6:46:42 PM,59.8,23.3,31.1,7.8,170.3,
12/29/25 6:46:43 PM,59.8,23.3,31.1,7.8,170.4,
12/29/25 6:46:44 PM,59.8,23.3,31.0,7.7,170.4,
12/29/25 6:46:45 PM,59.8,23.3,31.0,7.7,170.4,
12/29/25 6:46:46 PM,59.8,23.3,31.0,7.7,170.4,
12/29/25 6:46:47 PM,59.9,23.4,31.0,7.6,170.4,
12/29/25 6:46:48 PM,59.9,23.4,31.0,7.6,170.4,
12/29/25 6:46:49 PM,59.9,23.4,30.9,7.5,170.4,
12/29/25 6:46:50 PM,61.1,24.3,30.9,6.6,170.4,
12/29/25 6:46:51 PM,62.2,25.1,30.9,5.8,170.4,
12/29/25 6:46:52 PM,60.8,24.1,30.8,6.7,170.4,
12/29/25 6:46:53 PM,60.4,23.8,30.8,7.0,170.4,
12/29/25 6:46:54 PM,60.3,23.7,30.7,7.0,170.4,
12/29/25 6:46:55 PM,60.2,23.6,30.7,7.1,170.4,
12/29/25 6:46:56 PM,60.1,23.5,30.6,7.1,170.4,
12/29/25 6:46:57 PM,60.1,23.5,30.6,7.1,170.4,
12/29/25 6:46:58 PM,60.1,23.5,30.6,7.1,170.4,
12/29/25 6:46:59 PM,60.1,23.5,30.5,7.0,170.4,
12/29/25 6:47:00 PM,60.0,23.5,30.5,7.0,170.4,
12/29/25 6:47:01 PM,59.8,23.3,30.4,7.1,170.5,
12/29/25 6:47:02 PM,59.6,23.2,30.4,7.2,170.5,
12/29/25 6:47:03 PM,59.3,23.0,30.4,7.4,170.5,
12/29/25 6:47:04 PM,59.1,22.8,30.4,7.6,170.5,
12/29/25 6:47:05 PM,58.9,22.7,30.3,7.6,170.5,
12/29/25 6:47:06 PM,58.6,22.4,30.3,7.9,170.5,
12/29/25 6:47:07 PM,58.4,22.3,30.2,7.9,170.5,
12/29/25 6:47:08 PM,58.2,22.2,30.2,8.0,170.5,
12/29/25 6:47:09 PM,57.9,21.9,30.2,8.3,170.5,
12/29/25 6:47:10 PM,57.6,21.7,30.1,8.4,170.5,
12/29/25 6:47:11 PM,57.4,21.6,30.1,8.5,170.5,
12/29/25 6:47:12 PM,57.2,21.4,30.0,8.6,170.5,
12/29/25 6:47:13 PM,56.9,21.2,29.9,8.7,170.5,
12/29/25 6:47:14 PM,56.7,21.0,29.9,8.9,170.5,
12/29/25 6:47:15 PM,56.5,20.9,29.8,8.9,170.5,
12/29/25 6:47:16 PM,56.2,20.7,29.8,9.1,170.5,
12/29/25 6:47:17 PM,56.1,20.6,29.7,9.1,170.5,
12/29/25 6:47:18 PM,55.9,20.4,29.7,9.3,170.5,
12/29/25 6:47:19 PM,55.6,20.2,29.6,9.4,170.5,
12/29/25 6:47:20 PM,55.3,20.0,29.5,9.5,170.5,
12/29/25 6:47:21 PM,55.1,19.8,29.5,9.7,170.4,
12/29/25 6:47:22 PM,54.8,19.6,29.4,9.8,170.4,
12/29/25 6:47:23 PM,54.6,19.4,29.3,9.9,170.4,
12/29/25 6:47:24 PM,54.3,19.2,29.3,10.1,170.4,
12/29/25 6:47:25 PM,54.2,19.1,29.2,10.1,170.3,
12/29/25 6:47:26 PM,54.1,19.0,29.1,10.1,170.3,
12/29/25 6:47:27 PM,54.0,19.0,29.1,10.1,170.3,
12/29/25 6:47:28 PM,53.9,18.9,29.0,10.1,170.2,
12/29/25 6:47:29 PM,53.9,18.9,28.9,10.0,170.2,
12/29/25 6:47:30 PM,53.9,18.9,28.9,10.0,170.1,
12/29/25 6:47:31 PM,53.9,18.9,28.8,9.9,170.1,
12/29/25 6:47:32 PM,53.8,18.8,28.7,9.9,170.1,
12/29/25 6:47:33 PM,53.8,18.8,28.7,9.9,170.0,
12/29/25 6:47:34 PM,53.9,18.9,28.6,9.7,170.0,
12/29/25 6:47:35 PM,53.9,18.9,28.5,9.6,169.9,
12/29/25 6:47:36 PM,53.9,18.9,28.5,9.6,169.9,
12/29/25 6:47:37 PM,53.9,18.9,28.4,9.5,169.8,
12/29/25 6:47:38 PM,54.0,19.0,28.4,9.4,169.8,
12/29/25 6:47:39 PM,54.0,19.0,28.3,9.3,169.8,
12/29/25 6:47:40 PM,54.1,19.0,28.2,9.2,169.7,
12/29/25 6:47:41 PM,54.1,19.0,28.2,9.2,169.7,
12/29/25 6:47:42 PM,54.1,19.0,28.2,9.2,169.6,
12/29/25 6:47:43 PM,54.2,19.1,28.1,9.0,169.6,
12/29/25 6:47:44 PM,54.3,19.2,28.1,8.9,169.5,
12/29/25 6:47:45 PM,54.3,19.2,28.0,8.8,169.5,
12/29/25 6:47:46 PM,54.4,19.3,28.0,8.7,169.4,
12/29/25 6:47:47 PM,54.4,19.3,28.0,8.7,169.4,
12/29/25 6:47:48 PM,54.5,19.4,28.0,8.6,169.3,
12/29/25 6:47:49 PM,54.5,19.4,27.9,8.5,169.3,
12/29/25 6:47:50 PM,54.6,19.4,27.9,8.5,169.2,
12/29/25 6:47:51 PM,54.7,19.5,27.9,8.4,169.2,
12/29/25 6:47:52 PM,54.7,19.5,27.9,8.4,169.2,
12/29/25 6:47:53 PM,54.8,19.6,27.9,8.3,169.1,
12/29/25 6:47:54 PM,54.9,19.7,27.9,8.2,169.1,
12/29/25 6:47:55 PM,54.9,19.7,27.9,8.2,169.0,
12/29/25 6:47:56 PM,55.0,19.7,27.9,8.2,169.0,
12/29/25 6:47:57 PM,55.0,19.7,28.0,8.3,169.0,
12/29/25 6:47:58 PM,55.1,19.8,28.0,8.2,169.0,
12/29/25 6:47:59 PM,55.2,19.9,28.0,8.1,168.9,
12/29/25 6:48:00 PM,55.3,20.0,28.0,8.0,168.9,
12/29/25 6:48:01 PM,55.3,20.0,28.0,8.0,168.9,
12/29/25 6:48:02 PM,55.4,20.0,28.0,8.0,168.8,
12/29/25 6:48:03 PM,55.4,20.0,28.0,8.0,168.8,
12/29/25 6:48:04 PM,55.5,20.1,28.1,8.0,168.8,
12/29/25 6:48:05 PM,55.5,20.1,28.1,8.0,168.8,
12/29/25 6:48:06 PM,55.6,20.2,28.1,7.9,168.8,
12/29/25 6:48:07 PM,55.7,20.3,28.2,7.9,168.8,
12/29/25 6:48:08 PM,55.8,20.3,28.2,7.9,168.8,
12/29/25 6:48:09 PM,55.8,20.3,28.2,7.9,168.8,
12/29/25 6:48:10 PM,55.9,20.4,28.2,7.8,168.8,
12/29/25 6:48:11 PM,55.9,20.4,28.3,7.9,168.8,
12/29/25 6:48:12 PM,56.0,20.5,28.3,7.8,168.8,
12/29/25 6:48:13 PM,56.1,20.6,28.3,7.7,168.8,
12/29/25 6:48:14 PM,56.1,20.6,28.4,7.8,168.8,
12/29/25 6:48:15 PM,56.2,20.7,28.4,7.7,168.8,
12/29/25 6:48:16 PM,56.3,20.7,28.4,7.7,168.8,
12/29/25 6:48:17 PM,56.3,20.7,28.5,7.8,168.8,
12/29/25 6:48:18 PM,56.4,20.8,28.5,7.7,168.8,
12/29/25 6:48:19 PM,56.5,20.8,28.5,7.7,168.8,
12/29/25 6:48:20 PM,56.5,20.9,28.6,7.7,168.8,
12/29/25 6:48:21 PM,56.5,20.9,28.6,7.7,168.8,
12/29/25 6:48:22 PM,56.6,21.0,28.6,7.6,168.8,
12/29/25 6:48:23 PM,56.7,21.0,28.7,7.7,168.8,
12/29/25 6:48:24 PM,56.7,21.0,28.7,7.7,168.8,
12/29/25 6:48:25 PM,56.8,21.1,28.7,7.6,168.8,
12/29/25 6:48:26 PM,56.8,21.1,28.8,7.7,168.8,
12/29/25 6:48:27 PM,56.9,21.2,28.8,7.6,168.8,
12/29/25 6:48:28 PM,56.9,21.2,28.8,7.6,168.8,
12/29/25 6:48:29 PM,56.9,21.2,28.9,7.7,168.8,
12/29/25 6:48:30 PM,57.0,21.3,28.9,7.6,168.8,
12/29/25 6:48:31 PM,57.0,21.3,28.9,7.6,168.9,
12/29/25 6:48:32 PM,57.1,21.3,28.9,7.6,168.9,
12/29/25 6:48:33 PM,57.1,21.3,29.0,7.7,168.9,
12/29/25 6:48:34 PM,57.2,21.4,29.0,7.6,168.9,
12/29/25 6:48:35 PM,57.2,21.4,29.0,7.6,168.9,
12/29/25 6:48:36 PM,57.3,21.5,29.0,7.5,168.9,
12/29/25 6:48:37 PM,57.4,21.6,29.1,7.5,168.9,
12/29/25 6:48:38 PM,57.5,21.6,29.1,7.5,168.9,
12/29/25 6:48:39 PM,57.5,21.6,29.1,7.5,168.9,
12/29/25 6:48:40 PM,57.6,21.7,29.1,7.4,168.9,
12/29/25 6:48:41 PM,57.6,21.7,29.2,7.5,168.9,
12/29/25 6:48:42 PM,57.7,21.7,29.2,7.5,168.9,
12/29/25 6:48:43 PM,57.6,21.7,29.2,7.5,168.9,
12/29/25 6:48:44 PM,57.6,21.7,29.2,7.5,168.9,
12/29/25 6:48:45 PM,57.7,21.8,29.3,7.5,168.9,
12/29/25 6:48:46 PM,57.7,21.8,29.3,7.5,169.0,
12/29/25 6:48:47 PM,57.7,21.8,29.3,7.5,169.0,
12/29/25 6:48:48 PM,57.8,21.9,29.3,7.4,169.0,
12/29/25 6:48:49 PM,57.8,21.9,29.3,7.4,169.0,
12/29/25 6:48:50 PM,57.8,21.9,29.3,7.4,169.0,
12/29/25 6:48:51 PM,57.9,21.9,29.4,7.5,169.0,
12/29/25 6:48:52 PM,57.9,21.9,29.4,7.5,169.0,
12/29/25 6:48:53 PM,57.9,21.9,29.4,7.5,169.0,
12/29/25 6:48:54 PM,57.9,21.9,29.4,7.5,169.0,
12/29/25 6:48:55 PM,57.9,21.9,29.4,7.5,169.0,
12/29/25 6:48:56 PM,58.0,22.0,29.4,7.4,169.0,
12/29/25 6:48:57 PM,58.1,22.0,29.4,7.4,169.0,
12/29/25 6:48:58 PM,58.0,22.0,29.4,7.4,169.0,
12/29/25 6:48:59 PM,58.0,22.0,29.4,7.4,169.1,
12/29/25 6:49:00 PM,58.1,22.1,29.4,7.3,169.1,
12/29/25 6:49:01 PM,58.1,22.1,29.4,7.3,169.1,
12/29/25 6:49:02 PM,58.1,22.1,29.4,7.3,169.1,
12/29/25 6:49:03 PM,58.1,22.1,29.4,7.3,169.1,
12/29/25 6:49:04 PM,58.2,22.2,29.3,7.1,169.1,
12/29/25 6:49:05 PM,58.2,22.2,29.3,7.1,169.1,
12/29/25 6:49:06 PM,58.2,22.2,29.3,7.1,169.1,
12/29/25 6:49:07 PM,58.3,22.2,29.2,7.0,169.1,
12/29/25 6:49:08 PM,58.3,22.2,29.2,7.0,169.1,
12/29/25 6:49:09 PM,58.4,22.2,29.2,7.0,169.1,
12/29/25 6:49:10 PM,58.4,22.3,29.1,6.8,169.1,
12/29/25 6:49:11 PM,58.4,22.3,29.1,6.8,169.1,
12/29/25 6:49:12 PM,58.4,22.3,29.1,6.8,169.1,
12/29/25 6:49:13 PM,58.3,22.2,29.0,6.8,169.1,
12/29/25 6:49:14 PM,58.2,22.2,29.0,6.8,169.1,
12/29/25 6:49:15 PM,58.1,22.1,29.0,6.9,169.2,
12/29/25 6:49:16 PM,57.9,21.9,28.9,7.0,169.2,
12/29/25 6:49:17 PM,57.6,21.7,28.9,7.2,169.2,
12/29/25 6:49:18 PM,57.4,21.6,28.9,7.3,169.2,
12/29/25 6:49:19 PM,57.1,21.3,28.9,7.6,169.2,
12/29/25 6:49:20 PM,56.9,21.2,28.8,7.6,169.2,
12/29/25 6:49:21 PM,56.7,21.0,28.8,7.8,169.2,
12/29/25 6:49:22 PM,56.5,20.9,28.7,7.8,169.2,
12/29/25 6:49:23 PM,56.2,20.7,28.7,8.0,169.2,
12/29/25 6:49:24 PM,56.0,20.5,28.6,8.1,169.2,
12/29/25 6:49:25 PM,55.8,20.3,28.6,8.3,169.2,
12/29/25 6:49:26 PM,55.6,20.2,28.6,8.4,169.2,
12/29/25 6:49:27 PM,55.4,20.0,28.5,8.5,169.2,
12/29/25 6:49:28 PM,55.2,19.9,28.5,8.6,169.2,
12/29/25 6:49:29 PM,54.9,19.7,28.4,8.7,169.2,
12/29/25 6:49:30 PM,54.7,19.5,28.4,8.9,169.2,
12/29/25 6:49:31 PM,54.4,19.3,28.3,9.0,169.2,
12/29/25 6:49:32 PM,54.2,19.1,28.2,9.1,169.2,
12/29/25 6:49:33 PM,53.9,18.9,28.2,9.3,169.1,
12/29/25 6:49:34 PM,53.7,18.7,28.1,9.4,169.1,
12/29/25 6:49:35 PM,53.5,18.6,28.0,9.4,169.1,
12/29/25 6:49:36 PM,53.3,18.4,28.0,9.6,169.1,
12/29/25 6:49:37 PM,53.1,18.3,27.9,9.6,169.0,
12/29/25 6:49:38 PM,52.8,18.0,27.9,9.9,169.0,
12/29/25 6:49:39 PM,52.8,18.0,27.8,9.8,169.0,
12/29/25 6:49:40 PM,52.7,18.0,27.7,9.7,169.0,
12/29/25 6:49:41 PM,52.8,18.0,27.6,9.6,168.9,
12/29/25 6:49:42 PM,53.0,18.2,27.6,9.4,168.9,
12/29/25 6:49:43 PM,53.1,18.3,27.5,9.2,168.9,
12/29/25 6:49:44 PM,53.3,18.4,27.4,9.0,168.8,
12/29/25 6:49:45 PM,48.0,14.2,27.4,13.2,168.8,
12/29/25 6:49:46 PM,0.0,-49.9,27.3,77.2,168.8,
12/29/25 6:49:47 PM,-0.9,-52.2,27.3,79.5,168.7,
12/29/25 6:49:48 PM,-0.9,-52.2,27.3,79.5,168.7,
12/29/25 6:49:49 PM,-0.9,-52.2,27.2,79.4,168.7,
12/29/25 6:49:50 PM,-0.9,-52.2,27.2,79.4,168.6,
12/29/25 6:49:51 PM,-0.9,-52.2,27.1,79.3,168.6,
12/29/25 6:49:52 PM,-0.9,-52.2,27.1,79.3,168.6,
12/29/25 6:49:53 PM,-0.9,-52.2,27.0,79.2,168.5,
12/29/25 6:49:54 PM,-0.9,-52.2,27.0,79.2,168.5,
12/29/25 6:49:55 PM,-0.9,-52.2,27.0,79.2,168.5,
12/29/25 6:49:56 PM,-0.9,-52.2,27.0,79.2,168.4,
12/29/25 6:49:57 PM,-0.9,-52.2,26.9,79.1,168.4,
12/29/25 6:49:58 PM,-0.9,-52.2,26.9,79.1,168.4,
12/29/25 6:49:59 PM,-0.9,-52.2,26.9,79.1,168.4,
12/29/25 6:50:00 PM,-0.9,-52.2,26.9,79.1,168.3,
12/29/25 6:50:01 PM,-0.9,-52.2,26.8,79.0,168.3,
12/29/25 6:50:02 PM,-0.9,-52.2,26.8,79.0,168.3,
12/29/25 6:50:03 PM,-0.9,-52.2,26.8,79.0,168.2,
12/29/25 6:50:04 PM,-0.9,-52.2,26.8,79.0,168.2,
12/29/25 6:50:05 PM,-0.9,-52.2,26.8,79.0,168.2,
12/29/25 6:50:06 PM,-0.9,-52.2,26.7,78.9,168.2,
12/29/25 6:50:07 PM,-0.9,-52.2,26.7,78.9,168.1,
12/29/25 6:50:08 PM,-0.9,-52.2,26.7,78.9,168.1,
12/29/25 6:50:09 PM,-0.9,-52.2,26.7,78.9,168.1,
12/29/25 6:50:10 PM,-0.9,-52.2,26.7,78.9,168.1,
12/29/25 6:50:11 PM,-0.9,-52.2,26.7,78.9,168.2,
12/29/25 6:50:12 PM,-0.9,-52.2,26.7,78.9,168.3,
12/29/25 6:50:13 PM,-0.9,-52.2,26.7,78.9,168.1,
12/29/25 6:50:14 PM,-0.9,-52.2,26.6,78.8,167.7,
12/29/25 6:50:15 PM,-0.9,-52.2,26.6,78.8,167.2,
12/29/25 6:50:16 PM,-0.9,-52.2,26.6,78.8,166.6,
12/29/25 6:50:17 PM,-0.9,-52.2,26.7,78.9,165.8,
12/29/25 6:50:18 PM,-0.9,-52.2,27.0,79.2,165.1,
12/29/25 6:50:19 PM,-0.9,-52.2,27.3,79.5,164.3,
12/29/25 6:50:20 PM,-0.9,-52.2,27.9,80.1,163.5,
12/29/25 6:50:21 PM,-0.9,-52.2,28.4,80.6,162.7,
12/29/25 6:50:22 PM,-0.9,-52.2,29.0,81.2,162.0,
12/29/25 6:50:23 PM,-0.9,-52.2,29.6,81.8,161.2,
12/29/25 6:50:24 PM,-0.9,-52.2,30.1,82.3,160.4,
12/29/25 6:50:25 PM,-0.9,-52.2,-,-,159.6,
12/29/25 6:50:26 PM,-0.9,-52.2,-,-,159.6,
12/29/25 6:50:27 PM,-0.9,-52.2,-,-,159.6,
12/29/25 6:50:28 PM,-0.9,-52.2,-,-,159.6,
12/29/25 6:50:29 PM,-0.9,-52.2,-,-,159.6,
12/29/25 6:50:30 PM,-0.9,-52.2,-,-,159.6,
12/29/25 6:50:31 PM,-0.9,-52.2,-,-,159.6,
12/29/25 6:50:32 PM,-0.9,-52.2,-,-,159.6,

< General Information >
App Version,Name of Measurement Program,Date of Measurement,Comments,
30.2.7.92410,Refrigeration,12/29/25 6:50:38 PM,,

< Company >
City,Country,Customer Number,E-mail address,Name,Name of Technician,Phone,Street,Fax,Website Address,
,,,,,,,,,,

< Customer >
City,Country,Customer Number,E-mail address,Name,Name of Technician,Phone,Street,
,,,,,,,,

< Instruments >
Name,Serial Number,Firmware Version,Measurement Parameters,Set Surface Increment,
testo 549i,49291139,1.101.1,Pressure,,
testo 115i,49498664,1.101.1,Temperature,On,
testo 115i,49498670,1.101.1,Temperature,On,

< Measuring Site >
Name,System Number,System Type,System Manufacturer,System Serial Number,Date of Manufacture,Notes,
,,,,,,,

< Measurement Parameters >
Measuring mode,Measuring Cycle,Suction Line Temperature,Low Pressure,High Pressure,Pressure Type,Ambient Pressure,Refrigerant,Start Time,End,Duration,
Continuous,1 Sec,testo 115i (49498664),testo 549i (49291139),0,Relative,29.9212 inHg,R404A,12/29/25 6:22:11 PM,12/29/25 6:50:32 PM,28 Min. 21 Sec,

< Graphic sections >
Name

< Images >
Name

